Date,Open,High,Low,Close,Adj Close,Volume
2000-01-04,809.0,815.0,795.0,812.0,812.0,566000
2000-01-05,797.0,802.0,790.0,798.0,798.0,1604000
2000-01-06,795.0,801.0,784.0,784.0,784.0,2082000
2000-01-07,780.0,790.0,760.0,789.0,789.0,1822000
2000-01-11,785.0,791.0,770.0,779.0,779.0,2322000
2000-01-12,771.0,789.0,770.0,774.0,774.0,1656000
2000-01-13,780.0,788.0,772.0,777.0,777.0,2100000
2000-01-14,790.0,814.0,788.0,810.0,810.0,3122000
2000-01-17,860.0,880.0,850.0,875.0,875.0,7490000
2000-01-18,880.0,888.0,866.0,877.0,877.0,5480000
2000-01-19,875.0,876.0,860.0,860.0,860.0,3183000
2000-01-20,860.0,865.0,830.0,853.0,853.0,2635000
2000-01-21,860.0,892.0,854.0,875.0,875.0,4129000
2000-01-24,871.0,874.0,858.0,862.0,862.0,1656000
2000-01-25,862.0,868.0,852.0,855.0,855.0,1303000
2000-01-26,845.0,850.0,833.0,839.0,839.0,1509000
2000-01-27,845.0,849.0,825.0,836.0,836.0,1754000
2000-01-28,837.0,865.0,826.0,837.0,837.0,1388000
2000-01-31,820.0,856.0,820.0,856.0,856.0,2016000
2000-02-01,837.0,867.0,832.0,860.0,860.0,2501000
2000-02-02,862.0,884.0,862.0,870.0,870.0,2946000
2000-02-03,870.0,890.0,866.0,883.0,883.0,2552000
2000-02-04,880.0,889.0,870.0,870.0,870.0,2928000
2000-02-07,880.0,895.0,875.0,895.0,895.0,2987000
2000-02-08,895.0,898.0,887.0,890.0,890.0,3047000
2000-02-09,900.0,920.0,887.0,910.0,910.0,3540000
2000-02-10,900.0,910.0,893.0,900.0,900.0,3439000
2000-02-14,900.0,909.0,894.0,900.0,900.0,1898000
2000-02-15,899.0,900.0,870.0,870.0,870.0,2670000
2000-02-16,880.0,892.0,871.0,871.0,871.0,2295000
2000-02-17,877.0,920.0,868.0,920.0,920.0,3879000
2000-02-18,919.0,919.0,879.0,909.0,909.0,2923000
2000-02-21,902.0,908.0,896.0,900.0,900.0,1565000
2000-02-22,896.0,900.0,890.0,897.0,897.0,1788000
2000-02-23,900.0,910.0,900.0,910.0,910.0,2724000
2000-02-24,891.0,900.0,877.0,887.0,887.0,1702000
2000-02-25,878.0,910.0,871.0,910.0,910.0,2786000
2000-02-28,887.0,889.0,848.0,848.0,848.0,1644000
2000-02-29,825.0,862.0,808.0,811.0,811.0,5539000
2000-03-01,816.0,841.0,812.0,841.0,841.0,2735000
2000-03-02,830.0,831.0,813.0,815.0,815.0,2685000
2000-03-03,816.0,840.0,785.0,834.0,834.0,4175000
2000-03-06,850.0,878.0,842.0,870.0,870.0,2789000
2000-03-07,870.0,888.0,835.0,888.0,888.0,2878000
2000-03-08,858.0,865.0,828.0,830.0,830.0,2530000
2000-03-09,830.0,846.0,825.0,833.0,833.0,1486000
2000-03-10,853.0,880.0,835.0,869.0,869.0,5003000
2000-03-13,860.0,880.0,858.0,869.0,869.0,2246000
2000-03-14,879.0,915.0,879.0,915.0,915.0,5558000
2000-03-15,885.0,889.0,865.0,884.0,884.0,1645000
2000-03-16,874.0,889.0,842.0,880.0,880.0,2350000
2000-03-17,890.0,904.0,874.0,894.0,894.0,4088000
2000-03-21,902.0,908.0,865.0,865.0,865.0,4031000
2000-03-22,870.0,903.0,836.0,840.0,840.0,3720000
2000-03-23,860.0,887.0,850.0,866.0,866.0,2915000
2000-03-24,862.0,862.0,842.0,851.0,851.0,1774000
2000-03-27,860.0,909.0,853.0,900.0,900.0,2732000
2000-03-28,886.0,905.0,875.0,900.0,900.0,2201000
2000-03-29,910.0,954.0,910.0,948.0,948.0,2419000
2000-03-30,950.0,954.0,925.0,930.0,930.0,1936000
2000-03-31,940.0,949.0,930.0,931.0,931.0,1896000
2000-04-03,931.0,955.0,925.0,955.0,955.0,1640000
2000-04-04,945.0,946.0,934.0,935.0,935.0,2795000
2000-04-05,933.0,975.0,931.0,968.0,968.0,5150000
2000-04-06,965.0,970.0,923.0,939.0,939.0,3278000
2000-04-07,939.0,942.0,925.0,925.0,925.0,1933000
2000-04-10,915.0,927.0,915.0,925.0,925.0,2026000
2000-04-11,925.0,937.0,921.0,925.0,925.0,1819000
2000-04-12,905.0,950.0,905.0,949.0,949.0,4282000
2000-04-13,935.0,944.0,910.0,934.0,934.0,2633000
2000-04-14,935.0,955.0,931.0,940.0,940.0,2936000
2000-04-17,900.0,933.0,900.0,929.0,929.0,3739000
2000-04-18,909.0,925.0,873.0,925.0,925.0,2193000
2000-04-19,895.0,938.0,893.0,938.0,938.0,3081000
2000-04-20,934.0,977.0,928.0,975.0,975.0,3506000
2000-04-21,970.0,974.0,912.0,915.0,915.0,3664000
2000-04-24,933.0,980.0,931.0,976.0,976.0,1987000
2000-04-25,976.0,999.0,971.0,999.0,999.0,2356000
2000-04-26,981.0,981.0,930.0,942.0,942.0,3004000
2000-04-27,932.0,940.0,911.0,915.0,915.0,2419000
2000-04-28,920.0,943.0,920.0,940.0,940.0,2604000
2000-05-01,955.0,980.0,954.0,980.0,980.0,1969000
2000-05-02,981.0,990.0,960.0,961.0,961.0,1081000
2000-05-08,981.0,999.0,975.0,998.0,998.0,2445000
2000-05-09,990.0,999.0,975.0,990.0,990.0,1687000
2000-05-10,980.0,980.0,922.0,936.0,936.0,2570000
2000-05-11,938.0,950.0,921.0,929.0,929.0,1329000
2000-05-12,929.0,935.0,915.0,933.0,933.0,2164000
2000-05-15,938.0,949.0,928.0,940.0,940.0,1026000
2000-05-16,925.0,972.0,919.0,951.0,951.0,2736000
2000-05-17,932.0,935.0,924.0,932.0,932.0,1404000
2000-05-18,926.0,932.0,912.0,918.0,918.0,1040000
2000-05-19,920.0,939.0,920.0,937.0,937.0,2045000
2000-05-22,917.0,925.0,890.0,922.0,922.0,1224000
2000-05-23,912.0,929.0,903.0,929.0,929.0,1832000
2000-05-24,919.0,940.0,914.0,934.0,934.0,1470000
2000-05-25,916.0,922.0,901.0,917.0,917.0,1106000
2000-05-26,901.0,918.0,899.0,910.0,910.0,839000
2000-05-29,910.0,920.0,896.0,913.0,913.0,730000
2000-05-30,933.0,939.0,919.0,924.0,924.0,1470000
2000-05-31,914.0,914.0,871.0,894.0,894.0,2553000
2000-06-01,884.0,913.0,878.0,911.0,911.0,1085000
2000-06-02,920.0,948.0,915.0,930.0,930.0,1823000
2000-06-05,950.0,950.0,931.0,944.0,944.0,894000
2000-06-06,927.0,944.0,923.0,930.0,930.0,1138000
2000-06-07,938.0,938.0,905.0,928.0,928.0,1203000
2000-06-08,910.0,930.0,910.0,930.0,930.0,699000
2000-06-09,920.0,949.0,915.0,928.0,928.0,2660000
2000-06-12,918.0,930.0,910.0,912.0,912.0,814000
2000-06-13,892.0,912.0,881.0,899.0,899.0,1967000
2000-06-14,900.0,900.0,881.0,890.0,890.0,1297000
2000-06-15,880.0,895.0,880.0,883.0,883.0,792000
2000-06-16,878.0,895.0,873.0,894.0,894.0,1313000
2000-06-19,874.0,880.0,850.0,870.0,870.0,1288000
2000-06-20,865.0,870.0,852.0,862.0,862.0,1860000
2000-06-21,872.0,918.0,872.0,914.0,914.0,1901000
2000-06-22,924.0,948.0,922.0,922.0,922.0,2767000
2000-06-23,935.0,949.0,920.0,931.0,931.0,2595000
2000-06-26,941.0,949.0,910.0,924.0,924.0,1563000
2000-06-27,928.0,965.0,928.0,965.0,965.0,2723000
2000-06-28,975.0,981.0,954.0,970.0,970.0,1848000
2000-06-29,970.0,975.0,951.0,959.0,959.0,918000
2000-06-30,969.0,969.0,940.0,959.0,959.0,1454000
2000-07-03,959.0,959.0,946.0,953.0,953.0,974000
2000-07-04,953.0,957.0,945.0,949.0,949.0,1637000
2000-07-05,954.0,954.0,915.0,925.0,925.0,957000
2000-07-06,935.0,949.0,921.0,941.0,941.0,970000
2000-07-07,942.0,944.0,926.0,931.0,931.0,765000
2000-07-10,938.0,938.0,915.0,930.0,930.0,737000
2000-07-11,934.0,950.0,930.0,950.0,950.0,1277000
2000-07-12,964.0,967.0,955.0,965.0,965.0,1747000
2000-07-13,945.0,949.0,915.0,916.0,916.0,1719000
2000-07-14,914.0,923.0,905.0,909.0,909.0,1281000
2000-07-17,905.0,915.0,890.0,891.0,891.0,1310000
2000-07-18,892.0,892.0,868.0,876.0,876.0,1865000
2000-07-19,869.0,895.0,862.0,882.0,882.0,1045000
2000-07-21,892.0,893.0,872.0,875.0,875.0,1066000
2000-07-24,880.0,889.0,871.0,881.0,881.0,981000
2000-07-25,880.0,896.0,876.0,896.0,896.0,1383000
2000-07-26,888.0,892.0,870.0,879.0,879.0,1595000
2000-07-27,864.0,864.0,840.0,860.0,860.0,1732000
2000-07-28,835.0,835.0,821.0,829.0,829.0,1922000
2000-07-31,803.0,835.0,790.0,822.0,822.0,2118000
2000-08-01,818.0,850.0,796.0,850.0,850.0,2730000
2000-08-02,830.0,849.0,830.0,848.0,848.0,638000
2000-08-03,840.0,850.0,826.0,850.0,850.0,1199000
2000-08-04,840.0,849.0,825.0,825.0,825.0,1434000
2000-08-07,840.0,894.0,836.0,882.0,882.0,1510000
2000-08-08,880.0,880.0,839.0,842.0,842.0,2143000
2000-08-09,850.0,878.0,850.0,874.0,874.0,1101000
2000-08-10,870.0,870.0,840.0,841.0,841.0,2189000
2000-08-11,837.0,870.0,837.0,853.0,853.0,1707000
2000-08-14,843.0,852.0,830.0,847.0,847.0,2005000
2000-08-15,827.0,839.0,824.0,835.0,835.0,2501000
2000-08-16,825.0,833.0,820.0,827.0,827.0,1937000
2000-08-17,827.0,828.0,811.0,819.0,819.0,1253000
2000-08-18,812.0,819.0,811.0,816.0,816.0,1110000
2000-08-21,813.0,813.0,788.0,798.0,798.0,2009000
2000-08-22,798.0,835.0,798.0,835.0,835.0,1643000
2000-08-23,832.0,840.0,795.0,800.0,800.0,3256000
2000-08-24,795.0,805.0,789.0,797.0,797.0,3648000
2000-08-25,806.0,816.0,802.0,806.0,806.0,2498000
2000-08-28,810.0,829.0,806.0,806.0,806.0,1528000
2000-08-29,810.0,812.0,794.0,804.0,804.0,1373000
2000-08-30,805.0,815.0,800.0,804.0,804.0,1182000
2000-08-31,794.0,800.0,778.0,780.0,780.0,2260000
2000-09-01,790.0,798.0,778.0,781.0,781.0,1730000
2000-09-04,770.0,790.0,767.0,772.0,772.0,1523000
2000-09-05,765.0,782.0,756.0,766.0,766.0,1213000
2000-09-06,766.0,789.0,765.0,771.0,771.0,900000
2000-09-07,765.0,775.0,758.0,770.0,770.0,2355000
2000-09-08,767.0,787.0,767.0,787.0,787.0,2797000
2000-09-11,767.0,771.0,755.0,768.0,768.0,2660000
2000-09-12,780.0,798.0,770.0,788.0,788.0,3129000
2000-09-13,797.0,830.0,790.0,812.0,812.0,3612000
2000-09-14,812.0,852.0,812.0,841.0,841.0,3800000
2000-09-18,841.0,850.0,833.0,845.0,845.0,3981000
2000-09-19,840.0,869.0,830.0,869.0,869.0,3488000
2000-09-20,869.0,883.0,855.0,856.0,856.0,2874000
2000-09-21,846.0,850.0,819.0,820.0,820.0,1400000
2000-09-22,800.0,819.0,795.0,810.0,810.0,2592000
2000-09-25,850.0,877.0,841.0,869.0,869.0,3128000
2000-09-26,855.0,878.0,855.0,873.0,873.0,1553000
2000-09-27,857.0,880.0,856.0,861.0,861.0,1268000
2000-09-28,875.0,882.0,869.0,869.0,869.0,1415000
2000-09-29,880.0,900.0,870.0,870.0,870.0,2427000
2000-10-02,887.0,899.0,866.0,895.0,895.0,2187000
2000-10-03,885.0,905.0,885.0,904.0,904.0,1569000
2000-10-04,895.0,908.0,895.0,908.0,908.0,1386000
2000-10-05,900.0,910.0,896.0,901.0,901.0,1022000
2000-10-06,899.0,908.0,889.0,904.0,904.0,955000
2000-10-10,900.0,910.0,895.0,903.0,903.0,1343000
2000-10-11,913.0,920.0,907.0,914.0,914.0,1903000
2000-10-12,904.0,905.0,880.0,898.0,898.0,841000
2000-10-13,872.0,890.0,869.0,888.0,888.0,1162000
2000-10-16,898.0,900.0,872.0,881.0,881.0,939000
2000-10-17,871.0,882.0,854.0,854.0,854.0,2023000
2000-10-18,821.0,842.0,820.0,832.0,832.0,1745000
2000-10-19,827.0,866.0,820.0,866.0,866.0,1018000
2000-10-20,866.0,868.0,846.0,856.0,856.0,1057000
2000-10-23,846.0,850.0,831.0,835.0,835.0,1110000
2000-10-24,835.0,848.0,831.0,836.0,836.0,678000
2000-10-25,826.0,859.0,825.0,835.0,835.0,1040000
2000-10-26,849.0,875.0,845.0,868.0,868.0,1386000
2000-10-27,870.0,902.0,868.0,890.0,890.0,2604000
2000-10-30,890.0,894.0,888.0,890.0,890.0,1918000
2000-10-31,890.0,900.0,888.0,900.0,900.0,1961000
2000-11-01,901.0,905.0,890.0,896.0,896.0,3151000
2000-11-02,899.0,916.0,896.0,915.0,915.0,2176000
2000-11-06,915.0,921.0,911.0,915.0,915.0,1572000
2000-11-07,920.0,938.0,919.0,928.0,928.0,1821000
2000-11-08,935.0,936.0,917.0,922.0,922.0,1472000
2000-11-09,912.0,945.0,910.0,929.0,929.0,2935000
2000-11-10,911.0,916.0,899.0,915.0,915.0,2697000
2000-11-13,892.0,901.0,886.0,900.0,900.0,1508000
2000-11-14,900.0,901.0,893.0,900.0,900.0,1287000
2000-11-15,901.0,902.0,896.0,899.0,899.0,1512000
2000-11-16,889.0,899.0,884.0,886.0,886.0,1866000
2000-11-17,876.0,880.0,850.0,860.0,860.0,2541000
2000-11-20,853.0,860.0,809.0,829.0,829.0,2932000
2000-11-21,813.0,823.0,805.0,823.0,823.0,3375000
2000-11-22,823.0,823.0,811.0,815.0,815.0,1533000
2000-11-24,805.0,810.0,795.0,801.0,801.0,2279000
2000-11-27,811.0,826.0,810.0,820.0,820.0,1219000
2000-11-28,830.0,860.0,826.0,830.0,830.0,1737000
2000-11-29,851.0,855.0,840.0,845.0,845.0,3174000
2000-11-30,845.0,856.0,841.0,848.0,848.0,2074000
2000-12-01,828.0,862.0,827.0,845.0,845.0,2489000
2000-12-04,855.0,879.0,855.0,870.0,870.0,1621000
2000-12-05,880.0,880.0,855.0,857.0,857.0,1200000
2000-12-06,867.0,880.0,860.0,869.0,869.0,1335000
2000-12-07,869.0,874.0,850.0,850.0,850.0,1456000
2000-12-08,880.0,890.0,872.0,882.0,882.0,4496000
2000-12-11,892.0,892.0,885.0,888.0,888.0,1463000
2000-12-12,890.0,890.0,866.0,870.0,870.0,2832000
2000-12-13,875.0,875.0,844.0,849.0,849.0,3176000
2000-12-14,829.0,837.0,821.0,821.0,821.0,2287000
2000-12-15,800.0,815.0,800.0,809.0,809.0,2531000
2000-12-18,800.0,810.0,799.0,805.0,805.0,1648000
2000-12-19,800.0,801.0,786.0,786.0,786.0,2880000
2000-12-20,790.0,811.0,780.0,800.0,800.0,1530000
2000-12-21,810.0,810.0,768.0,790.0,790.0,1797000
2000-12-22,797.0,800.0,764.0,776.0,776.0,2077000
2000-12-25,806.0,825.0,800.0,825.0,825.0,1729000
2000-12-26,819.0,835.0,814.0,824.0,824.0,753000
2000-12-27,814.0,817.0,801.0,817.0,817.0,560000
2000-12-28,817.0,825.0,809.0,816.0,816.0,747000
2000-12-29,826.0,843.0,822.0,842.0,842.0,1120000
2001-01-04,862.0,862.0,776.0,780.0,780.0,1136000
2001-01-05,810.0,838.0,810.0,832.0,832.0,1008000
2001-01-09,824.0,824.0,806.0,815.0,815.0,1448000
2001-01-10,816.0,821.0,809.0,815.0,815.0,1932000
2001-01-11,825.0,840.0,805.0,840.0,840.0,2218000
2001-01-12,835.0,855.0,829.0,855.0,855.0,3159000
2001-01-15,845.0,850.0,833.0,850.0,850.0,1806000
2001-01-16,840.0,845.0,832.0,839.0,839.0,1817000
2001-01-17,829.0,843.0,826.0,838.0,838.0,935000
2001-01-18,837.0,844.0,835.0,844.0,844.0,1290000
2001-01-19,837.0,844.0,826.0,826.0,826.0,1229000
2001-01-22,825.0,830.0,810.0,830.0,830.0,904000
2001-01-23,815.0,825.0,815.0,825.0,825.0,1599000
2001-01-24,805.0,809.0,803.0,807.0,807.0,1621000
2001-01-25,811.0,813.0,805.0,809.0,809.0,2044000
2001-01-26,808.0,808.0,802.0,805.0,805.0,951000
2001-01-29,800.0,814.0,800.0,811.0,811.0,1152000
2001-01-30,809.0,811.0,800.0,807.0,807.0,821000
2001-01-31,797.0,815.0,796.0,815.0,815.0,1565000
2001-02-01,810.0,830.0,806.0,820.0,820.0,2469000
2001-02-02,820.0,820.0,811.0,815.0,815.0,1951000
2001-02-05,805.0,805.0,793.0,798.0,798.0,1297000
2001-02-06,798.0,821.0,798.0,817.0,817.0,1655000
2001-02-07,817.0,828.0,807.0,826.0,826.0,1161000
2001-02-08,816.0,820.0,813.0,818.0,818.0,2233000
2001-02-09,830.0,841.0,829.0,838.0,838.0,2623000
2001-02-13,828.0,837.0,817.0,821.0,821.0,1529000
2001-02-14,811.0,816.0,800.0,814.0,814.0,1888000
2001-02-15,784.0,805.0,784.0,803.0,803.0,2751000
2001-02-16,809.0,812.0,800.0,800.0,800.0,999000
2001-02-19,800.0,817.0,800.0,809.0,809.0,1327000
2001-02-20,815.0,823.0,815.0,822.0,822.0,1602000
2001-02-21,819.0,821.0,812.0,821.0,821.0,757000
2001-02-22,819.0,819.0,792.0,792.0,792.0,1606000
2001-02-23,800.0,808.0,795.0,806.0,806.0,1776000
2001-02-26,813.0,825.0,810.0,825.0,825.0,1283000
2001-02-27,825.0,830.0,811.0,826.0,826.0,1080000
2001-02-28,818.0,824.0,802.0,819.0,819.0,1207000
2001-03-01,812.0,829.0,811.0,822.0,822.0,1476000
2001-03-02,822.0,828.0,791.0,795.0,795.0,2940000
2001-03-05,792.0,802.0,781.0,789.0,789.0,1057000
2001-03-06,789.0,790.0,776.0,790.0,790.0,2245000
2001-03-07,791.0,792.0,781.0,790.0,790.0,2510000
2001-03-08,788.0,804.0,788.0,790.0,790.0,4067000
2001-03-09,790.0,797.0,786.0,791.0,791.0,4676000
2001-03-12,786.0,789.0,771.0,771.0,771.0,2216000
2001-03-13,776.0,776.0,751.0,760.0,760.0,2993000
2001-03-14,760.0,760.0,732.0,736.0,736.0,1648000
2001-03-15,696.0,770.0,693.0,770.0,770.0,2895000
2001-03-16,748.0,758.0,731.0,731.0,731.0,994000
2001-03-19,730.0,756.0,714.0,738.0,738.0,2178000
2001-03-21,737.0,837.0,731.0,837.0,837.0,3708000
2001-03-22,817.0,827.0,802.0,802.0,802.0,2372000
2001-03-23,800.0,809.0,786.0,802.0,802.0,3238000
2001-03-26,822.0,845.0,809.0,840.0,840.0,2991000
2001-03-27,840.0,845.0,808.0,828.0,828.0,1399000
2001-03-28,848.0,864.0,836.0,861.0,861.0,2939000
2001-03-29,856.0,870.0,815.0,818.0,818.0,2271000
2001-03-30,810.0,865.0,810.0,833.0,833.0,3286000
2001-04-02,823.0,823.0,786.0,786.0,786.0,2369000
2001-04-03,806.0,833.0,806.0,820.0,820.0,2507000
2001-04-04,821.0,865.0,821.0,855.0,855.0,3033000
2001-04-05,875.0,897.0,865.0,880.0,880.0,4132000
2001-04-06,905.0,915.0,900.0,900.0,900.0,5673000
2001-04-09,888.0,888.0,862.0,866.0,866.0,3295000
2001-04-10,860.0,876.0,840.0,840.0,840.0,2024000
2001-04-11,870.0,870.0,841.0,865.0,865.0,1730000
2001-04-12,855.0,894.0,850.0,879.0,879.0,2520000
2001-04-13,869.0,879.0,838.0,849.0,849.0,2687000
2001-04-16,849.0,857.0,845.0,854.0,854.0,976000
2001-04-17,856.0,884.0,853.0,878.0,878.0,2249000
2001-04-18,868.0,900.0,868.0,897.0,897.0,2446000
2001-04-19,900.0,910.0,872.0,882.0,882.0,3121000
2001-04-20,890.0,908.0,890.0,896.0,896.0,3379000
2001-04-23,896.0,900.0,873.0,874.0,874.0,4199000
2001-04-24,868.0,873.0,850.0,873.0,873.0,2278000
2001-04-25,884.0,915.0,882.0,904.0,904.0,3334000
2001-04-26,930.0,935.0,927.0,930.0,930.0,6343000
2001-04-27,931.0,934.0,917.0,930.0,930.0,3701000
2001-05-01,930.0,930.0,922.0,930.0,930.0,5438000
2001-05-02,930.0,950.0,930.0,944.0,944.0,3833000
2001-05-07,948.0,963.0,941.0,963.0,963.0,4671000
2001-05-08,951.0,953.0,926.0,936.0,936.0,2122000
2001-05-09,906.0,924.0,892.0,920.0,920.0,3826000
2001-05-10,901.0,913.0,892.0,902.0,902.0,1893000
2001-05-11,907.0,928.0,895.0,919.0,919.0,2629000
2001-05-14,904.0,909.0,893.0,900.0,900.0,1553000
2001-05-15,910.0,925.0,900.0,925.0,925.0,2286000
2001-05-16,935.0,953.0,932.0,934.0,934.0,2944000
2001-05-17,941.0,944.0,915.0,943.0,943.0,2833000
2001-05-18,937.0,943.0,932.0,935.0,935.0,2106000
2001-05-21,926.0,950.0,926.0,948.0,948.0,1344000
2001-05-22,968.0,986.0,963.0,980.0,980.0,7000000
2001-05-23,976.0,987.0,972.0,976.0,976.0,3370000
2001-05-24,960.0,982.0,958.0,976.0,976.0,2463000
2001-05-25,982.0,983.0,972.0,977.0,977.0,2573000
2001-05-28,979.0,993.0,960.0,962.0,962.0,2712000
2001-05-29,978.0,988.0,961.0,966.0,966.0,1647000
2001-05-30,956.0,958.0,931.0,958.0,958.0,1240000
2001-05-31,938.0,958.0,938.0,944.0,944.0,2421000
2001-06-01,964.0,970.0,950.0,955.0,955.0,3551000
2001-06-04,959.0,983.0,959.0,980.0,980.0,3370000
2001-06-05,979.0,982.0,958.0,971.0,971.0,2730000
2001-06-06,985.0,992.0,978.0,989.0,989.0,3388000
2001-06-07,979.0,995.0,972.0,988.0,988.0,3806000
2001-06-08,998.0,999.0,988.0,997.0,997.0,6338000
2001-06-11,1000.0,1015.0,1000.0,1011.0,1011.0,5061000
2001-06-12,1008.0,1010.0,996.0,1000.0,1000.0,4870000
2001-06-13,990.0,995.0,977.0,983.0,983.0,5148000
2001-06-14,993.0,995.0,977.0,977.0,977.0,3259000
2001-06-15,951.0,964.0,949.0,960.0,960.0,3493000
2001-06-18,970.0,970.0,945.0,958.0,958.0,3479000
2001-06-19,948.0,953.0,938.0,945.0,945.0,4279000
2001-06-20,954.0,965.0,945.0,964.0,964.0,1600000
2001-06-21,960.0,978.0,956.0,978.0,978.0,2555000
2001-06-22,1000.0,1009.0,995.0,999.0,999.0,5573000
2001-06-25,1009.0,1015.0,999.0,1009.0,1009.0,5034000
2001-06-26,1020.0,1028.0,1015.0,1021.0,1021.0,5345000
2001-06-27,1021.0,1021.0,1005.0,1009.0,1009.0,2605000
2001-06-28,1010.0,1015.0,995.0,996.0,996.0,2510000
2001-06-29,1010.0,1011.0,997.0,1005.0,1005.0,2550000
2001-07-02,1015.0,1019.0,1005.0,1006.0,1006.0,4640000
2001-07-03,1025.0,1040.0,1019.0,1035.0,1035.0,3204000
2001-07-04,1040.0,1048.0,1023.0,1027.0,1027.0,2836000
2001-07-05,1027.0,1049.0,1018.0,1027.0,1027.0,3364000
2001-07-06,1007.0,1007.0,981.0,981.0,981.0,3336000
2001-07-09,991.0,1025.0,985.0,1022.0,1022.0,5194000
2001-07-10,1049.0,1054.0,1041.0,1045.0,1045.0,7796000
2001-07-11,1046.0,1048.0,1028.0,1044.0,1044.0,3255000
2001-07-12,1045.0,1049.0,1026.0,1035.0,1035.0,3223000
2001-07-13,1065.0,1078.0,1055.0,1073.0,1073.0,7971000
2001-07-16,1053.0,1057.0,1021.0,1025.0,1025.0,2895000
2001-07-17,1025.0,1034.0,1014.0,1014.0,1014.0,2559000
2001-07-18,1015.0,1019.0,992.0,992.0,992.0,2363000
2001-07-19,972.0,983.0,956.0,964.0,964.0,3649000
2001-07-23,954.0,957.0,923.0,930.0,930.0,2966000
2001-07-24,930.0,946.0,919.0,935.0,935.0,2501000
2001-07-25,955.0,990.0,952.0,956.0,956.0,3230000
2001-07-26,966.0,985.0,945.0,985.0,985.0,2179000
2001-07-27,994.0,1005.0,990.0,999.0,999.0,1798000
2001-07-30,979.0,980.0,944.0,952.0,952.0,2380000
2001-07-31,954.0,985.0,941.0,978.0,978.0,3070000
2001-08-01,968.0,978.0,960.0,970.0,970.0,1846000
2001-08-02,970.0,978.0,965.0,972.0,972.0,2650000
2001-08-03,975.0,977.0,962.0,967.0,967.0,2228000
2001-08-06,947.0,974.0,940.0,960.0,960.0,2033000
2001-08-07,970.0,1025.0,965.0,1019.0,1019.0,3430000
2001-08-08,1018.0,1024.0,1000.0,1015.0,1015.0,1930000
2001-08-09,1019.0,1025.0,1001.0,1001.0,1001.0,1946000
2001-08-10,986.0,1012.0,985.0,991.0,991.0,4217000
2001-08-13,986.0,1011.0,969.0,980.0,980.0,2000000
2001-08-14,1010.0,1027.0,1002.0,1025.0,1025.0,2687000
2001-08-15,1010.0,1023.0,1006.0,1009.0,1009.0,2151000
2001-08-16,1028.0,1070.0,1010.0,1050.0,1050.0,5541000
2001-08-17,1070.0,1081.0,1060.0,1073.0,1073.0,3980000
2001-08-20,1033.0,1048.0,1023.0,1045.0,1045.0,2877000
2001-08-21,1049.0,1075.0,1038.0,1057.0,1057.0,2832000
2001-08-22,1068.0,1108.0,1063.0,1095.0,1095.0,3731000
2001-08-23,1100.0,1100.0,1057.0,1070.0,1070.0,1866000
2001-08-24,1099.0,1099.0,1050.0,1059.0,1059.0,3664000
2001-08-27,1090.0,1090.0,1055.0,1057.0,1057.0,1831000
2001-08-28,1017.0,1050.0,1017.0,1050.0,1050.0,2624000
2001-08-29,1010.0,1034.0,1002.0,1007.0,1007.0,2841000
2001-08-30,1000.0,1008.0,991.0,992.0,992.0,3365000
2001-08-31,990.0,999.0,986.0,990.0,990.0,2431000
2001-09-03,1000.0,1000.0,963.0,966.0,966.0,1739000
2001-09-04,960.0,964.0,904.0,950.0,950.0,5566000
2001-09-05,947.0,985.0,932.0,944.0,944.0,3892000
2001-09-06,930.0,939.0,905.0,914.0,914.0,3528000
2001-09-07,924.0,982.0,916.0,964.0,964.0,4502000
2001-09-10,940.0,944.0,910.0,917.0,917.0,3162000
2001-09-11,927.0,933.0,909.0,915.0,915.0,1387000
2001-09-12,865.0,890.0,865.0,865.0,865.0,1074000
2001-09-13,875.0,880.0,845.0,878.0,878.0,2034000
2001-09-14,868.0,923.0,861.0,891.0,891.0,3767000
2001-09-17,857.0,861.0,810.0,834.0,834.0,1718000
2001-09-18,854.0,870.0,840.0,845.0,845.0,1286000
2001-09-19,835.0,850.0,835.0,844.0,844.0,2893000
2001-09-20,820.0,820.0,774.0,794.0,794.0,4863000
2001-09-21,774.0,797.0,773.0,775.0,775.0,3773000
2001-09-25,811.0,844.0,805.0,824.0,824.0,3371000
2001-09-26,815.0,816.0,780.0,784.0,784.0,5446000
2001-09-27,781.0,810.0,781.0,805.0,805.0,2734000
2001-09-28,845.0,867.0,842.0,852.0,852.0,3099000
2001-10-01,882.0,897.0,865.0,896.0,896.0,2386000
2001-10-02,905.0,930.0,904.0,930.0,930.0,2946000
2001-10-03,939.0,951.0,921.0,921.0,921.0,2649000
2001-10-04,925.0,940.0,916.0,935.0,935.0,2581000
2001-10-05,935.0,943.0,915.0,917.0,917.0,2953000
2001-10-09,898.0,898.0,886.0,896.0,896.0,1247000
2001-10-10,895.0,895.0,861.0,872.0,872.0,1682000
2001-10-11,882.0,911.0,880.0,909.0,909.0,1067000
2001-10-12,926.0,954.0,920.0,954.0,954.0,3756000
2001-10-15,934.0,939.0,927.0,939.0,939.0,1224000
2001-10-16,921.0,948.0,921.0,938.0,938.0,1701000
2001-10-17,940.0,945.0,932.0,937.0,937.0,2433000
2001-10-18,917.0,927.0,912.0,925.0,925.0,1302000
2001-10-19,935.0,938.0,910.0,935.0,935.0,1116000
2001-10-22,940.0,967.0,935.0,961.0,961.0,2270000
2001-10-23,970.0,975.0,950.0,967.0,967.0,2438000
2001-10-24,965.0,968.0,944.0,944.0,944.0,1493000
2001-10-25,954.0,969.0,949.0,961.0,961.0,1566000
2001-10-26,958.0,983.0,942.0,960.0,960.0,2185000
2001-10-29,950.0,965.0,942.0,945.0,945.0,1209000
2001-10-30,941.0,945.0,914.0,937.0,937.0,2296000
2001-10-31,944.0,951.0,932.0,938.0,938.0,2057000
2001-11-01,958.0,970.0,935.0,940.0,940.0,5177000
2001-11-02,930.0,937.0,921.0,927.0,927.0,1835000
2001-11-05,925.0,925.0,911.0,920.0,920.0,2280000
2001-11-06,927.0,927.0,901.0,915.0,915.0,1564000
2001-11-07,909.0,915.0,840.0,840.0,840.0,3396000
2001-11-08,870.0,880.0,867.0,872.0,872.0,4771000
2001-11-09,842.0,847.0,829.0,835.0,835.0,5655000
2001-11-12,838.0,858.0,813.0,834.0,834.0,3465000
2001-11-13,824.0,837.0,816.0,828.0,828.0,2341000
2001-11-14,836.0,843.0,801.0,809.0,809.0,2192000
2001-11-15,800.0,808.0,776.0,805.0,805.0,5318000
2001-11-16,835.0,875.0,827.0,863.0,863.0,5946000
2001-11-19,865.0,887.0,863.0,867.0,867.0,3276000
2001-11-20,870.0,887.0,856.0,859.0,859.0,2136000
2001-11-21,864.0,881.0,860.0,862.0,862.0,1671000
2001-11-22,870.0,871.0,857.0,866.0,866.0,1140000
2001-11-26,886.0,895.0,866.0,885.0,885.0,1664000
2001-11-27,895.0,895.0,863.0,865.0,865.0,1317000
2001-11-28,855.0,870.0,850.0,853.0,853.0,1503000
2001-11-29,852.0,858.0,846.0,852.0,852.0,1879000
2001-11-30,845.0,869.0,837.0,856.0,856.0,2138000
2001-12-03,859.0,865.0,830.0,830.0,830.0,3208000
2001-12-04,839.0,845.0,815.0,828.0,828.0,2036000
2001-12-05,838.0,838.0,817.0,826.0,826.0,1658000
2001-12-06,839.0,867.0,824.0,845.0,845.0,5098000
2001-12-07,830.0,841.0,802.0,806.0,806.0,1985000
2001-12-10,816.0,816.0,786.0,788.0,788.0,2831000
2001-12-11,780.0,780.0,752.0,764.0,764.0,4193000
2001-12-12,756.0,795.0,753.0,787.0,787.0,4693000
2001-12-13,793.0,795.0,768.0,779.0,779.0,3617000
2001-12-14,759.0,769.0,747.0,768.0,768.0,8706000
2001-12-17,758.0,764.0,732.0,742.0,742.0,2221000
2001-12-18,762.0,769.0,722.0,727.0,727.0,3312000
2001-12-19,757.0,779.0,740.0,740.0,740.0,3558000
2001-12-20,760.0,780.0,755.0,770.0,770.0,2471000
2001-12-21,800.0,815.0,795.0,815.0,815.0,5309000
2001-12-25,815.0,815.0,783.0,804.0,804.0,1963000
2001-12-26,813.0,823.0,801.0,805.0,805.0,1299000
2001-12-27,816.0,850.0,816.0,850.0,850.0,2110000
2001-12-28,850.0,851.0,835.0,851.0,851.0,1096000
2002-01-04,871.0,885.0,858.0,865.0,865.0,1924000
2002-01-07,860.0,885.0,855.0,879.0,879.0,1778000
2002-01-08,877.0,883.0,853.0,871.0,871.0,3409000
2002-01-09,871.0,884.0,861.0,869.0,869.0,2332000
2002-01-10,869.0,873.0,834.0,853.0,853.0,2358000
2002-01-11,857.0,859.0,830.0,845.0,845.0,3519000
2002-01-15,815.0,830.0,801.0,820.0,820.0,2605000
2002-01-16,800.0,839.0,800.0,830.0,830.0,3403000
2002-01-17,830.0,840.0,816.0,832.0,832.0,1844000
2002-01-18,834.0,862.0,833.0,862.0,862.0,2888000
2002-01-21,853.0,877.0,853.0,871.0,871.0,2321000
2002-01-22,878.0,883.0,854.0,870.0,870.0,2509000
2002-01-23,855.0,870.0,847.0,860.0,860.0,2550000
2002-01-24,850.0,866.0,840.0,843.0,843.0,1860000
2002-01-25,843.0,843.0,821.0,837.0,837.0,2870000
2002-01-28,838.0,869.0,838.0,868.0,868.0,2661000
2002-01-29,868.0,873.0,862.0,868.0,868.0,1246000
2002-01-30,852.0,852.0,820.0,831.0,831.0,2531000
2002-01-31,831.0,855.0,826.0,840.0,840.0,2292000
2002-02-01,848.0,864.0,825.0,858.0,858.0,3487000
2002-02-04,850.0,858.0,837.0,848.0,848.0,2092000
2002-02-05,848.0,863.0,843.0,850.0,850.0,2572000
2002-02-06,843.0,849.0,824.0,824.0,824.0,2325000
2002-02-07,830.0,835.0,824.0,829.0,829.0,3628000
2002-02-08,815.0,832.0,812.0,821.0,821.0,5331000
2002-02-12,830.0,835.0,813.0,820.0,820.0,4477000
2002-02-13,819.0,846.0,811.0,839.0,839.0,4419000
2002-02-14,863.0,875.0,854.0,862.0,862.0,3122000
2002-02-15,879.0,883.0,865.0,880.0,880.0,3007000
2002-02-18,890.0,918.0,890.0,913.0,913.0,5732000
2002-02-19,910.0,912.0,876.0,884.0,884.0,2852000
2002-02-20,868.0,877.0,863.0,871.0,871.0,1937000
2002-02-21,870.0,917.0,870.0,915.0,915.0,2681000
2002-02-22,907.0,917.0,880.0,905.0,905.0,2576000
2002-02-25,915.0,919.0,902.0,906.0,906.0,2121000
2002-02-26,916.0,918.0,895.0,895.0,895.0,1762000
2002-02-27,915.0,948.0,906.0,948.0,948.0,2557000
2002-02-28,945.0,953.0,929.0,929.0,929.0,2007000
2002-03-01,919.0,934.0,913.0,925.0,925.0,2551000
2002-03-04,964.0,1005.0,963.0,996.0,996.0,4548000
2002-03-05,1006.0,1006.0,965.0,980.0,980.0,3795000
2002-03-06,960.0,980.0,945.0,950.0,950.0,3137000
2002-03-07,950.0,989.0,935.0,966.0,966.0,4717000
2002-03-08,1006.0,1006.0,958.0,965.0,965.0,8229000
2002-03-11,979.0,1030.0,973.0,1030.0,1030.0,4806000
2002-03-12,1020.0,1037.0,998.0,1008.0,1008.0,4097000
2002-03-13,980.0,1019.0,979.0,990.0,990.0,3735000
2002-03-14,1000.0,1000.0,968.0,990.0,990.0,2394000
2002-03-15,1006.0,1031.0,996.0,1031.0,1031.0,5546000
2002-03-18,1030.0,1030.0,1011.0,1013.0,1013.0,3258000
2002-03-19,1023.0,1035.0,1010.0,1031.0,1031.0,3324000
2002-03-20,1022.0,1030.0,968.0,992.0,992.0,5526000
2002-03-22,985.0,989.0,941.0,942.0,942.0,4094000
2002-03-25,945.0,982.0,932.0,941.0,941.0,3636000
2002-03-26,917.0,950.0,917.0,928.0,928.0,3129000
2002-03-27,925.0,990.0,925.0,962.0,962.0,2696000
2002-03-28,992.0,1003.0,978.0,999.0,999.0,2956000
2002-03-29,1008.0,1008.0,941.0,941.0,941.0,4807000
2002-04-01,948.0,948.0,904.0,904.0,904.0,6068000
2002-04-02,904.0,960.0,897.0,954.0,954.0,5046000
2002-04-03,964.0,998.0,958.0,990.0,990.0,6812000
2002-04-04,1000.0,1021.0,986.0,1006.0,1006.0,7699000
2002-04-05,999.0,999.0,975.0,984.0,984.0,6318000
2002-04-08,983.0,985.0,960.0,977.0,977.0,2039000
2002-04-09,986.0,986.0,951.0,960.0,960.0,2178000
2002-04-10,960.0,961.0,938.0,947.0,947.0,3515000
2002-04-11,957.0,957.0,936.0,939.0,939.0,1535000
2002-04-12,930.0,939.0,914.0,927.0,927.0,2797000
2002-04-15,929.0,946.0,919.0,944.0,944.0,1966000
2002-04-16,942.0,967.0,936.0,956.0,956.0,2610000
2002-04-17,961.0,977.0,957.0,976.0,976.0,3777000
2002-04-18,972.0,980.0,966.0,978.0,978.0,2756000
2002-04-19,975.0,976.0,956.0,975.0,975.0,2109000
2002-04-22,985.0,1001.0,985.0,1000.0,1000.0,3085000
2002-04-23,995.0,1002.0,987.0,995.0,995.0,2166000
2002-04-24,997.0,999.0,985.0,989.0,989.0,1366000
2002-04-25,979.0,981.0,945.0,959.0,959.0,2345000
2002-04-26,959.0,965.0,933.0,965.0,965.0,2673000
2002-04-30,964.0,975.0,960.0,963.0,963.0,1713000
2002-05-01,976.0,986.0,968.0,975.0,975.0,1917000
2002-05-02,984.0,998.0,978.0,990.0,990.0,2144000
2002-05-07,1000.0,1009.0,994.0,1006.0,1006.0,4591000
2002-05-08,1001.0,1015.0,1001.0,1010.0,1010.0,2603000
2002-05-09,1020.0,1032.0,1013.0,1025.0,1025.0,4192000
2002-05-10,1020.0,1031.0,1009.0,1026.0,1026.0,3386000
2002-05-13,1022.0,1031.0,1003.0,1012.0,1012.0,3774000
2002-05-14,1017.0,1021.0,1003.0,1010.0,1010.0,2895000
2002-05-15,1030.0,1049.0,1021.0,1038.0,1038.0,5652000
2002-05-16,1034.0,1049.0,1023.0,1043.0,1043.0,3273000
2002-05-17,1030.0,1044.0,1026.0,1033.0,1033.0,4301000
2002-05-20,1032.0,1032.0,1007.0,1015.0,1015.0,4026000
2002-05-21,1017.0,1048.0,1016.0,1038.0,1038.0,4661000
2002-05-22,1033.0,1069.0,1032.0,1069.0,1069.0,5318000
2002-05-23,1049.0,1055.0,1020.0,1034.0,1034.0,9842000
2002-05-24,1007.0,1010.0,990.0,1000.0,1000.0,7618000
2002-05-27,991.0,1002.0,980.0,980.0,980.0,5735000
2002-05-28,960.0,964.0,944.0,950.0,950.0,22474000
2002-05-29,940.0,946.0,928.0,938.0,938.0,17727000
2002-05-30,945.0,950.0,942.0,949.0,949.0,10517000
2002-05-31,949.0,959.0,940.0,948.0,948.0,8533000
2002-06-03,944.0,962.0,941.0,952.0,952.0,7121000
2002-06-04,951.0,952.0,937.0,949.0,949.0,5119000
2002-06-05,950.0,950.0,943.0,949.0,949.0,3156000
2002-06-06,949.0,956.0,945.0,950.0,950.0,5767000
2002-06-07,948.0,948.0,915.0,930.0,930.0,4574000
2002-06-10,940.0,940.0,924.0,931.0,931.0,1680000
2002-06-11,926.0,938.0,925.0,931.0,931.0,2495000
2002-06-12,925.0,933.0,911.0,917.0,917.0,2985000
2002-06-13,927.0,929.0,909.0,914.0,914.0,3539000
2002-06-14,910.0,910.0,880.0,885.0,885.0,7619000
2002-06-17,880.0,883.0,834.0,836.0,836.0,6653000
2002-06-18,866.0,877.0,858.0,866.0,866.0,5155000
2002-06-19,867.0,875.0,840.0,844.0,844.0,4290000
2002-06-20,836.0,844.0,826.0,844.0,844.0,5232000
2002-06-21,840.0,843.0,833.0,843.0,843.0,3207000
2002-06-24,835.0,835.0,821.0,829.0,829.0,7059000
2002-06-25,835.0,848.0,830.0,833.0,833.0,4829000
2002-06-26,830.0,830.0,811.0,811.0,811.0,4931000
2002-06-27,825.0,843.0,824.0,830.0,830.0,4287000
2002-06-28,850.0,874.0,848.0,867.0,867.0,7147000
2002-07-01,865.0,867.0,851.0,851.0,851.0,2786000
2002-07-02,857.0,872.0,854.0,872.0,872.0,4240000
2002-07-03,855.0,881.0,853.0,877.0,877.0,3591000
2002-07-04,874.0,883.0,865.0,876.0,876.0,3866000
2002-07-05,877.0,888.0,866.0,876.0,876.0,5747000
2002-07-08,893.0,893.0,863.0,868.0,868.0,4004000
2002-07-09,860.0,866.0,853.0,861.0,861.0,4940000
2002-07-10,857.0,868.0,851.0,855.0,855.0,3189000
2002-07-11,856.0,856.0,836.0,840.0,840.0,2847000
2002-07-12,850.0,855.0,834.0,838.0,838.0,3024000
2002-07-15,830.0,830.0,807.0,807.0,807.0,3165000
2002-07-16,801.0,807.0,781.0,785.0,785.0,8178000
2002-07-17,785.0,792.0,774.0,789.0,789.0,5389000
2002-07-18,792.0,802.0,783.0,797.0,797.0,4559000
2002-07-19,797.0,800.0,773.0,782.0,782.0,3975000
2002-07-22,769.0,775.0,761.0,770.0,770.0,4058000
2002-07-23,750.0,759.0,743.0,752.0,752.0,9615000
2002-07-24,742.0,742.0,715.0,730.0,730.0,10903000
2002-07-25,740.0,744.0,712.0,716.0,716.0,8121000
2002-07-26,713.0,714.0,690.0,700.0,700.0,9622000
2002-07-29,710.0,741.0,707.0,725.0,725.0,6915000
2002-07-30,747.0,773.0,745.0,764.0,764.0,8986000
2002-07-31,754.0,755.0,728.0,741.0,741.0,6270000
2002-08-01,731.0,735.0,715.0,719.0,719.0,4311000
2002-08-02,716.0,740.0,710.0,731.0,731.0,5185000
2002-08-05,727.0,738.0,721.0,728.0,728.0,3271000
2002-08-06,728.0,733.0,714.0,718.0,718.0,5928000
2002-08-07,745.0,768.0,740.0,762.0,762.0,6419000
2002-08-08,780.0,792.0,778.0,784.0,784.0,6786000
2002-08-09,814.0,825.0,803.0,813.0,813.0,11264000
2002-08-12,814.0,815.0,791.0,804.0,804.0,7169000
2002-08-13,794.0,806.0,790.0,795.0,795.0,3064000
2002-08-14,788.0,800.0,785.0,790.0,790.0,2787000
2002-08-15,796.0,818.0,796.0,809.0,809.0,4060000
2002-08-16,819.0,824.0,813.0,820.0,820.0,3773000
2002-08-19,821.0,830.0,815.0,818.0,818.0,5697000
2002-08-20,825.0,825.0,792.0,805.0,805.0,4528000
2002-08-21,785.0,795.0,772.0,775.0,775.0,5380000
2002-08-22,780.0,792.0,770.0,790.0,790.0,4941000
2002-08-23,800.0,811.0,799.0,801.0,801.0,2872000
2002-08-26,805.0,830.0,802.0,827.0,827.0,3849000
2002-08-27,820.0,829.0,813.0,814.0,814.0,2338000
2002-08-28,810.0,816.0,793.0,805.0,805.0,2899000
2002-08-29,797.0,802.0,784.0,789.0,789.0,4044000
2002-08-30,797.0,804.0,786.0,794.0,794.0,3333000
2002-09-02,791.0,792.0,778.0,782.0,782.0,2116000
2002-09-03,772.0,775.0,747.0,748.0,748.0,6312000
2002-09-04,733.0,738.0,721.0,731.0,731.0,4782000
2002-09-05,739.0,757.0,731.0,745.0,745.0,2579000
2002-09-06,740.0,754.0,738.0,744.0,744.0,2033000
2002-09-09,754.0,787.0,752.0,782.0,782.0,5440000
2002-09-10,782.0,793.0,778.0,785.0,785.0,3322000
2002-09-11,800.0,807.0,798.0,803.0,803.0,5577000
2002-09-12,807.0,813.0,800.0,811.0,811.0,5228000
2002-09-13,791.0,795.0,780.0,790.0,790.0,6548000
2002-09-17,781.0,807.0,781.0,796.0,796.0,4846000
2002-09-18,786.0,812.0,784.0,811.0,811.0,3057000
2002-09-19,830.0,849.0,830.0,837.0,837.0,6509000
2002-09-20,835.0,847.0,814.0,820.0,820.0,3739000
2002-09-24,811.0,813.0,802.0,808.0,808.0,2663000
2002-09-25,804.0,824.0,801.0,804.0,804.0,3327000
2002-09-26,824.0,834.0,815.0,820.0,820.0,2998000
2002-09-27,840.0,844.0,830.0,835.0,835.0,2982000
2002-09-30,836.0,841.0,818.0,818.0,818.0,3114000
2002-10-01,825.0,840.0,822.0,829.0,829.0,5723000
2002-10-02,836.0,843.0,825.0,825.0,825.0,3705000
2002-10-03,825.0,837.0,817.0,827.0,827.0,4529000
2002-10-04,821.0,825.0,805.0,814.0,814.0,3880000
2002-10-07,801.0,805.0,780.0,780.0,780.0,4686000
2002-10-08,781.0,786.0,773.0,780.0,780.0,6065000
2002-10-09,764.0,779.0,764.0,767.0,767.0,4460000
2002-10-10,762.0,776.0,740.0,773.0,773.0,3610000
2002-10-11,773.0,784.0,770.0,783.0,783.0,3654000
2002-10-15,800.0,800.0,787.0,788.0,788.0,2632000
2002-10-16,795.0,807.0,788.0,788.0,788.0,4087000
2002-10-17,778.0,788.0,772.0,779.0,779.0,3577000
2002-10-18,781.0,791.0,766.0,768.0,768.0,4671000
2002-10-21,768.0,778.0,766.0,772.0,772.0,3289000
2002-10-22,781.0,781.0,752.0,752.0,752.0,2711000
2002-10-23,749.0,749.0,723.0,740.0,740.0,4724000
2002-10-24,740.0,751.0,731.0,746.0,746.0,3319000
2002-10-25,747.0,770.0,746.0,770.0,770.0,3890000
2002-10-28,753.0,758.0,743.0,755.0,755.0,2261000
2002-10-29,755.0,769.0,755.0,768.0,768.0,2115000
2002-10-30,760.0,788.0,760.0,787.0,787.0,3137000
2002-10-31,780.0,787.0,748.0,765.0,765.0,3325000
2002-11-01,765.0,775.0,764.0,775.0,775.0,2037000
2002-11-05,789.0,815.0,785.0,804.0,804.0,5723000
2002-11-06,810.0,815.0,796.0,796.0,796.0,4850000
2002-11-07,795.0,797.0,789.0,796.0,796.0,2384000
2002-11-08,789.0,794.0,778.0,783.0,783.0,1913000
2002-11-11,773.0,775.0,764.0,770.0,770.0,1873000
2002-11-12,776.0,793.0,774.0,784.0,784.0,3093000
2002-11-13,780.0,781.0,772.0,775.0,775.0,2392000
2002-11-14,768.0,778.0,750.0,752.0,752.0,4326000
2002-11-15,759.0,764.0,748.0,758.0,758.0,2962000
2002-11-18,748.0,759.0,728.0,739.0,739.0,2837000
2002-11-19,732.0,750.0,732.0,749.0,749.0,2467000
2002-11-20,741.0,768.0,740.0,760.0,760.0,3007000
2002-11-21,762.0,766.0,749.0,751.0,751.0,3370000
2002-11-22,759.0,761.0,735.0,742.0,742.0,5362000
2002-11-25,751.0,782.0,750.0,754.0,754.0,6103000
2002-11-26,764.0,769.0,752.0,756.0,756.0,3509000
2002-11-27,750.0,783.0,750.0,775.0,775.0,4360000
2002-11-28,785.0,790.0,779.0,786.0,786.0,4822000
2002-11-29,784.0,790.0,772.0,772.0,772.0,2983000
2002-12-02,779.0,780.0,755.0,755.0,755.0,3518000
2002-12-03,756.0,765.0,746.0,746.0,746.0,4493000
2002-12-04,749.0,760.0,747.0,753.0,753.0,4080000
2002-12-05,753.0,766.0,749.0,753.0,753.0,2317000
2002-12-06,760.0,762.0,752.0,762.0,762.0,3072000
2002-12-09,762.0,762.0,741.0,741.0,741.0,4537000
2002-12-10,740.0,753.0,740.0,743.0,743.0,3239000
2002-12-11,753.0,756.0,748.0,755.0,755.0,3403000
2002-12-12,751.0,753.0,741.0,741.0,741.0,1705000
2002-12-13,740.0,744.0,736.0,741.0,741.0,5008000
2002-12-16,750.0,752.0,740.0,751.0,751.0,2472000
2002-12-17,752.0,755.0,741.0,744.0,744.0,3171000
2002-12-18,743.0,750.0,733.0,740.0,740.0,2407000
2002-12-19,735.0,740.0,725.0,732.0,732.0,3513000
2002-12-20,722.0,729.0,714.0,723.0,723.0,4352000
2002-12-24,732.0,735.0,718.0,721.0,721.0,3341000
2002-12-25,720.0,725.0,713.0,715.0,715.0,2873000
2002-12-26,716.0,720.0,714.0,719.0,719.0,5626000
2002-12-27,723.0,728.0,723.0,728.0,728.0,3869000
2002-12-30,722.0,725.0,718.0,725.0,725.0,1067000
2003-01-06,730.0,740.0,727.0,737.0,737.0,2182000
2003-01-07,750.0,754.0,740.0,747.0,747.0,6358000
2003-01-08,737.0,740.0,712.0,716.0,716.0,4503000
2003-01-09,709.0,713.0,702.0,713.0,713.0,3606000
2003-01-10,722.0,722.0,710.0,716.0,716.0,2797000
2003-01-14,711.0,715.0,703.0,703.0,703.0,3795000
2003-01-15,704.0,709.0,697.0,709.0,709.0,6468000
2003-01-16,715.0,746.0,715.0,740.0,740.0,9580000
2003-01-17,745.0,759.0,738.0,751.0,751.0,7500000
2003-01-20,761.0,779.0,753.0,762.0,762.0,10435000
2003-01-21,763.0,783.0,757.0,762.0,762.0,6639000
2003-01-22,777.0,784.0,755.0,756.0,756.0,10155000
2003-01-23,765.0,794.0,764.0,794.0,794.0,8726000
2003-01-24,797.0,801.0,782.0,787.0,787.0,6986000
2003-01-27,789.0,803.0,786.0,792.0,792.0,6567000
2003-01-28,793.0,794.0,781.0,781.0,781.0,4504000
2003-01-29,781.0,781.0,755.0,757.0,757.0,3991000
2003-01-30,767.0,773.0,757.0,768.0,768.0,2224000
2003-01-31,768.0,774.0,763.0,770.0,770.0,5859000
2003-02-03,768.0,779.0,760.0,774.0,774.0,3552000
2003-02-04,784.0,807.0,783.0,801.0,801.0,5495000
2003-02-05,797.0,810.0,795.0,800.0,800.0,3425000
2003-02-06,801.0,802.0,776.0,790.0,790.0,5489000
2003-02-07,790.0,793.0,781.0,787.0,787.0,2521000
2003-02-10,804.0,811.0,800.0,810.0,810.0,5217000
2003-02-12,801.0,817.0,801.0,816.0,816.0,4594000
2003-02-13,815.0,815.0,796.0,800.0,800.0,2741000
2003-02-14,805.0,817.0,800.0,817.0,817.0,4305000
2003-02-17,821.0,845.0,817.0,838.0,838.0,6199000
2003-02-18,828.0,830.0,811.0,818.0,818.0,3557000
2003-02-19,814.0,818.0,805.0,805.0,805.0,3126000
2003-02-20,806.0,808.0,798.0,804.0,804.0,2792000
2003-02-21,804.0,822.0,803.0,807.0,807.0,3885000
2003-02-24,816.0,822.0,810.0,812.0,812.0,2718000
2003-02-25,813.0,813.0,785.0,789.0,789.0,4689000
2003-02-26,789.0,795.0,778.0,781.0,781.0,3017000
2003-02-27,775.0,778.0,759.0,776.0,776.0,4952000
2003-02-28,785.0,795.0,781.0,791.0,791.0,3126000
2003-03-03,794.0,811.0,787.0,811.0,811.0,3209000
2003-03-04,807.0,810.0,795.0,797.0,797.0,2387000
2003-03-05,791.0,795.0,781.0,790.0,790.0,3394000
2003-03-06,785.0,801.0,785.0,794.0,794.0,2634000
2003-03-07,786.0,786.0,770.0,770.0,770.0,2569000
2003-03-10,771.0,777.0,769.0,771.0,771.0,2860000
2003-03-11,767.0,773.0,760.0,761.0,761.0,3308000
2003-03-12,758.0,768.0,751.0,757.0,757.0,3490000
2003-03-13,774.0,777.0,766.0,768.0,768.0,2396000
2003-03-14,769.0,780.0,766.0,768.0,768.0,6059000
2003-03-17,768.0,768.0,744.0,746.0,746.0,2958000
2003-03-18,756.0,761.0,748.0,748.0,748.0,3693000
2003-03-19,743.0,744.0,732.0,736.0,736.0,5146000
2003-03-20,749.0,775.0,745.0,769.0,769.0,4179000
2003-03-24,790.0,795.0,773.0,780.0,780.0,2844000
2003-03-25,776.0,794.0,761.0,761.0,761.0,3004000
2003-03-26,777.0,786.0,770.0,782.0,782.0,2923000
2003-03-27,772.0,782.0,756.0,764.0,764.0,4759000
2003-03-28,767.0,770.0,763.0,765.0,765.0,3960000
2003-03-31,765.0,765.0,730.0,732.0,732.0,4304000
2003-04-01,730.0,749.0,728.0,743.0,743.0,2646000
2003-04-02,753.0,753.0,729.0,740.0,740.0,4491000
2003-04-03,748.0,749.0,735.0,738.0,738.0,4644000
2003-04-04,731.0,737.0,729.0,729.0,729.0,4658000
2003-04-07,735.0,738.0,729.0,734.0,734.0,3369000
2003-04-08,744.0,757.0,739.0,752.0,752.0,6460000
2003-04-09,753.0,757.0,740.0,747.0,747.0,2933000
2003-04-10,741.0,754.0,741.0,752.0,752.0,3236000
2003-04-11,751.0,751.0,732.0,744.0,744.0,4612000
2003-04-14,724.0,733.0,706.0,709.0,709.0,4985000
2003-04-15,715.0,725.0,710.0,711.0,711.0,4811000
2003-04-16,721.0,723.0,706.0,711.0,711.0,4560000
2003-04-17,712.0,713.0,706.0,709.0,709.0,4313000
2003-04-18,710.0,718.0,708.0,714.0,714.0,2067000
2003-04-21,714.0,724.0,709.0,722.0,722.0,1998000
2003-04-22,718.0,718.0,703.0,709.0,709.0,3361000
2003-04-23,712.0,712.0,705.0,708.0,708.0,2467000
2003-04-24,715.0,717.0,708.0,710.0,710.0,2788000
2003-04-25,708.0,709.0,700.0,701.0,701.0,2683000
2003-04-28,699.0,700.0,686.0,686.0,686.0,2859000
2003-04-30,692.0,709.0,678.0,709.0,709.0,7017000
2003-05-01,695.0,704.0,688.0,693.0,693.0,4483000
2003-05-02,690.0,705.0,689.0,703.0,703.0,4396000
2003-05-06,713.0,733.0,713.0,727.0,727.0,4377000
2003-05-07,730.0,743.0,723.0,738.0,738.0,6843000
2003-05-08,734.0,734.0,720.0,729.0,729.0,5015000
2003-05-09,730.0,730.0,716.0,730.0,730.0,3310000
2003-05-12,726.0,726.0,714.0,721.0,721.0,2740000
2003-05-13,725.0,730.0,723.0,729.0,729.0,4046000
2003-05-14,723.0,745.0,713.0,742.0,742.0,8988000
2003-05-15,750.0,750.0,733.0,740.0,740.0,7426000
2003-05-16,735.0,738.0,718.0,718.0,718.0,2839000
2003-05-19,728.0,729.0,710.0,711.0,711.0,2608000
2003-05-20,711.0,716.0,705.0,707.0,707.0,2462000
2003-05-21,709.0,714.0,697.0,697.0,697.0,4371000
2003-05-22,697.0,707.0,693.0,696.0,696.0,3884000
2003-05-23,705.0,719.0,702.0,713.0,713.0,4011000
2003-05-26,720.0,730.0,715.0,726.0,726.0,2722000
2003-05-27,725.0,732.0,722.0,726.0,726.0,3648000
2003-05-28,736.0,742.0,728.0,737.0,737.0,5164000
2003-05-29,739.0,748.0,738.0,745.0,745.0,3841000
2003-05-30,753.0,760.0,747.0,747.0,747.0,5869000
2003-06-02,750.0,757.0,748.0,750.0,750.0,3233000
2003-06-03,744.0,752.0,740.0,748.0,748.0,2782000
2003-06-04,752.0,759.0,744.0,749.0,749.0,2570000
2003-06-05,756.0,761.0,755.0,761.0,761.0,4375000
2003-06-06,762.0,769.0,757.0,762.0,762.0,4452000
2003-06-09,779.0,798.0,775.0,788.0,788.0,7278000
2003-06-10,778.0,795.0,776.0,793.0,793.0,2915000
2003-06-11,801.0,819.0,799.0,805.0,805.0,6592000
2003-06-12,815.0,817.0,806.0,809.0,809.0,4751000
2003-06-13,825.0,829.0,816.0,817.0,817.0,11905000
2003-06-16,807.0,807.0,786.0,792.0,792.0,3903000
2003-06-17,812.0,815.0,805.0,806.0,806.0,3792000
2003-06-18,817.0,821.0,812.0,815.0,815.0,2713000
2003-06-19,820.0,826.0,801.0,804.0,804.0,3643000
2003-06-20,808.0,826.0,806.0,820.0,820.0,4440000
2003-06-23,830.0,858.0,825.0,853.0,853.0,7195000
2003-06-24,850.0,852.0,836.0,836.0,836.0,3238000
2003-06-25,843.0,852.0,838.0,838.0,838.0,3105000
2003-06-26,839.0,839.0,825.0,834.0,834.0,3599000
2003-06-27,839.0,844.0,828.0,830.0,830.0,3634000
2003-06-30,840.0,847.0,833.0,833.0,833.0,3465000
2003-07-01,840.0,856.0,840.0,851.0,851.0,3703000
2003-07-02,851.0,890.0,848.0,890.0,890.0,5437000
2003-07-03,900.0,915.0,871.0,890.0,890.0,5535000
2003-07-04,872.0,901.0,872.0,901.0,901.0,5543000
2003-07-07,902.0,910.0,896.0,898.0,898.0,3577000
2003-07-08,914.0,922.0,909.0,916.0,916.0,6771000
2003-07-09,930.0,947.0,927.0,947.0,947.0,8650000
2003-07-10,937.0,946.0,929.0,946.0,946.0,3855000
2003-07-11,930.0,938.0,912.0,917.0,917.0,4678000
2003-07-14,910.0,914.0,890.0,892.0,892.0,3434000
2003-07-15,915.0,915.0,892.0,893.0,893.0,3508000
2003-07-16,903.0,903.0,878.0,881.0,881.0,3852000
2003-07-17,889.0,889.0,874.0,874.0,874.0,2849000
2003-07-18,870.0,890.0,870.0,880.0,880.0,2473000
2003-07-22,889.0,893.0,876.0,882.0,882.0,1798000
2003-07-23,892.0,903.0,890.0,901.0,901.0,3451000
2003-07-24,888.0,891.0,877.0,879.0,879.0,5172000
2003-07-25,888.0,909.0,876.0,903.0,903.0,5077000
2003-07-28,933.0,948.0,931.0,940.0,940.0,7419000
2003-07-29,940.0,944.0,916.0,917.0,917.0,4041000
2003-07-30,920.0,921.0,902.0,902.0,902.0,2752000
2003-07-31,900.0,900.0,873.0,873.0,873.0,5807000
2003-08-01,883.0,890.0,880.0,885.0,885.0,3780000
2003-08-04,879.0,897.0,876.0,885.0,885.0,4554000
2003-08-05,880.0,881.0,872.0,877.0,877.0,4123000
2003-08-06,864.0,884.0,854.0,879.0,879.0,6869000
2003-08-07,859.0,867.0,850.0,850.0,850.0,2892000
2003-08-08,859.0,869.0,855.0,865.0,865.0,3646000
2003-08-11,874.0,890.0,870.0,885.0,885.0,1554000
2003-08-12,892.0,905.0,888.0,904.0,904.0,3115000
2003-08-13,919.0,941.0,918.0,940.0,940.0,6283000
2003-08-14,942.0,965.0,931.0,965.0,965.0,6150000
2003-08-15,965.0,965.0,950.0,958.0,958.0,4425000
2003-08-18,957.0,970.0,951.0,970.0,970.0,2648000
2003-08-19,980.0,995.0,972.0,983.0,983.0,7773000
2003-08-20,998.0,1024.0,997.0,1023.0,1023.0,10382000
2003-08-21,1020.0,1022.0,1003.0,1015.0,1015.0,3982000
2003-08-22,1020.0,1020.0,994.0,998.0,998.0,3044000
2003-08-25,1000.0,1008.0,982.0,991.0,991.0,2192000
2003-08-26,991.0,1021.0,991.0,1017.0,1017.0,4102000
2003-08-27,1018.0,1021.0,1002.0,1003.0,1003.0,3219000
2003-08-28,1015.0,1019.0,987.0,997.0,997.0,3184000
2003-08-29,992.0,999.0,982.0,986.0,986.0,3768000
2003-09-01,999.0,1021.0,993.0,1021.0,1021.0,2701000
2003-09-02,1015.0,1016.0,987.0,993.0,993.0,3506000
2003-09-03,995.0,998.0,984.0,993.0,993.0,4044000
2003-09-04,1003.0,1008.0,988.0,995.0,995.0,2174000
2003-09-05,1004.0,1004.0,972.0,979.0,979.0,3470000
2003-09-08,970.0,979.0,963.0,967.0,967.0,3035000
2003-09-09,975.0,1000.0,973.0,990.0,990.0,3944000
2003-09-10,985.0,1007.0,983.0,993.0,993.0,4170000
2003-09-11,975.0,993.0,968.0,974.0,974.0,4368000
2003-09-12,984.0,985.0,975.0,980.0,980.0,6213000
2003-09-16,995.0,1005.0,981.0,1001.0,1001.0,4924000
2003-09-17,1021.0,1054.0,1020.0,1045.0,1045.0,10255000
2003-09-18,1046.0,1050.0,1027.0,1040.0,1040.0,5759000
2003-09-19,1050.0,1054.0,1011.0,1015.0,1015.0,4716000
2003-09-22,1005.0,1015.0,980.0,980.0,980.0,4579000
2003-09-24,1007.0,1018.0,991.0,1006.0,1006.0,4103000
2003-09-25,986.0,994.0,957.0,957.0,957.0,5313000
2003-09-26,958.0,983.0,957.0,971.0,971.0,2811000
2003-09-29,970.0,979.0,964.0,966.0,966.0,2153000
2003-09-30,987.0,995.0,957.0,957.0,957.0,2834000
2003-10-01,960.0,1004.0,957.0,993.0,993.0,5267000
2003-10-02,1006.0,1046.0,1002.0,1036.0,1036.0,6544000
2003-10-03,1046.0,1093.0,1046.0,1080.0,1080.0,9546000
2003-10-06,1100.0,1108.0,1095.0,1096.0,1096.0,8321000
2003-10-07,1082.0,1110.0,1082.0,1110.0,1110.0,6229000
2003-10-08,1090.0,1095.0,1068.0,1072.0,1072.0,6281000
2003-10-09,1056.0,1075.0,1055.0,1069.0,1069.0,4531000
2003-10-10,1094.0,1110.0,1083.0,1103.0,1103.0,5978000
2003-10-14,1109.0,1128.0,1103.0,1115.0,1115.0,4787000
2003-10-15,1128.0,1128.0,1107.0,1110.0,1110.0,5389000
2003-10-16,1090.0,1128.0,1089.0,1125.0,1125.0,3671000
2003-10-17,1165.0,1180.0,1160.0,1163.0,1163.0,8302000
2003-10-20,1163.0,1245.0,1155.0,1241.0,1241.0,9376000
2003-10-21,1205.0,1213.0,1141.0,1145.0,1145.0,6154000
2003-10-22,1151.0,1152.0,1111.0,1131.0,1131.0,5159000
2003-10-23,1132.0,1132.0,1085.0,1100.0,1100.0,6532000
2003-10-24,1112.0,1114.0,1080.0,1103.0,1103.0,3265000
2003-10-27,1110.0,1116.0,1080.0,1085.0,1085.0,3734000
2003-10-28,1088.0,1097.0,1080.0,1091.0,1091.0,2917000
2003-10-29,1120.0,1121.0,1098.0,1113.0,1113.0,3328000
2003-10-30,1112.0,1124.0,1102.0,1122.0,1122.0,2219000
2003-10-31,1123.0,1144.0,1115.0,1141.0,1141.0,4461000
2003-11-04,1158.0,1165.0,1140.0,1151.0,1151.0,5122000
2003-11-05,1138.0,1144.0,1111.0,1144.0,1144.0,3755000
2003-11-06,1138.0,1150.0,1093.0,1100.0,1100.0,4887000
2003-11-07,1104.0,1116.0,1088.0,1116.0,1116.0,3946000
2003-11-10,1102.0,1110.0,1094.0,1100.0,1100.0,2795000
2003-11-11,1093.0,1097.0,1060.0,1068.0,1068.0,4598000
2003-11-12,1048.0,1051.0,1012.0,1026.0,1026.0,7144000
2003-11-13,1040.0,1050.0,1025.0,1045.0,1045.0,4099000
2003-11-14,1075.0,1085.0,1053.0,1067.0,1067.0,8975000
2003-11-17,1052.0,1053.0,1020.0,1026.0,1026.0,5590000
2003-11-18,1011.0,1020.0,982.0,1005.0,1005.0,7684000
2003-11-19,991.0,993.0,970.0,971.0,971.0,5615000
2003-11-20,991.0,999.0,970.0,993.0,993.0,2889000
2003-11-21,1007.0,1016.0,990.0,1005.0,1005.0,3612000
2003-11-25,1014.0,1014.0,977.0,989.0,989.0,5361000
2003-11-26,993.0,1019.0,993.0,1013.0,1013.0,4631000
2003-11-27,1023.0,1047.0,1010.0,1037.0,1037.0,4477000
2003-11-28,1018.0,1025.0,1000.0,1005.0,1005.0,3181000
2003-12-01,995.0,1029.0,986.0,1029.0,1029.0,3530000
2003-12-02,1033.0,1053.0,1012.0,1025.0,1025.0,7992000
2003-12-03,1024.0,1039.0,1019.0,1027.0,1027.0,5639000
2003-12-04,1030.0,1046.0,1029.0,1043.0,1043.0,5760000
2003-12-05,1040.0,1066.0,1035.0,1060.0,1060.0,5244000
2003-12-08,1050.0,1060.0,1020.0,1029.0,1029.0,6344000
2003-12-09,1025.0,1034.0,1007.0,1022.0,1022.0,4132000
2003-12-10,1009.0,1012.0,992.0,1005.0,1005.0,4234000
2003-12-11,1007.0,1012.0,993.0,1002.0,1002.0,4081000
2003-12-12,1007.0,1028.0,1000.0,1028.0,1028.0,6506000
2003-12-15,1058.0,1070.0,1052.0,1067.0,1067.0,5051000
2003-12-16,1049.0,1059.0,1040.0,1045.0,1045.0,3670000
2003-12-17,1050.0,1050.0,1030.0,1030.0,1030.0,3676000
2003-12-18,1030.0,1048.0,1030.0,1042.0,1042.0,4140000
2003-12-19,1062.0,1077.0,1056.0,1074.0,1074.0,4769000
2003-12-22,1083.0,1099.0,1076.0,1094.0,1094.0,4915000
2003-12-24,1082.0,1091.0,1075.0,1077.0,1077.0,2897000
2003-12-25,1066.0,1079.0,1066.0,1076.0,1076.0,1789000
2003-12-26,1066.0,1096.0,1064.0,1095.0,1095.0,2649000
2003-12-29,1103.0,1117.0,1100.0,1103.0,1103.0,2569000
2003-12-30,1115.0,1146.0,1111.0,1136.0,1136.0,2721000
2004-01-05,1145.0,1158.0,1143.0,1158.0,1158.0,1799000
2004-01-06,1177.0,1178.0,1149.0,1165.0,1165.0,5471000
2004-01-07,1145.0,1149.0,1122.0,1130.0,1130.0,7890000
2004-01-08,1120.0,1134.0,1112.0,1118.0,1118.0,4748000
2004-01-09,1119.0,1120.0,1098.0,1107.0,1107.0,6537000
2004-01-13,1124.0,1134.0,1111.0,1124.0,1124.0,4615000
2004-01-14,1130.0,1140.0,1120.0,1126.0,1126.0,4448000
2004-01-15,1131.0,1138.0,1117.0,1121.0,1121.0,3917000
2004-01-16,1121.0,1125.0,1109.0,1124.0,1124.0,4069000
2004-01-19,1125.0,1146.0,1120.0,1146.0,1146.0,3694000
2004-01-20,1146.0,1149.0,1129.0,1135.0,1135.0,3287000
2004-01-21,1100.0,1116.0,1094.0,1097.0,1097.0,6883000
2004-01-22,1100.0,1103.0,1066.0,1085.0,1085.0,7622000
2004-01-23,1105.0,1116.0,1092.0,1106.0,1106.0,7688000
2004-01-26,1090.0,1104.0,1082.0,1100.0,1100.0,3475000
2004-01-27,1115.0,1115.0,1067.0,1071.0,1071.0,5625000
2004-01-28,1068.0,1069.0,1057.0,1068.0,1068.0,4203000
2004-01-29,1061.0,1062.0,1041.0,1060.0,1060.0,3650000
2004-01-30,1055.0,1072.0,1053.0,1069.0,1069.0,3780000
2004-02-02,1058.0,1068.0,1051.0,1055.0,1055.0,2899000
2004-02-03,1054.0,1057.0,1028.0,1034.0,1034.0,4311000
2004-02-04,1043.0,1043.0,1005.0,1011.0,1011.0,5476000
2004-02-05,1000.0,1019.0,996.0,1011.0,1011.0,5289000
2004-02-06,1014.0,1026.0,1003.0,1024.0,1024.0,6397000
2004-02-09,1040.0,1040.0,999.0,1004.0,1004.0,6708000
2004-02-10,997.0,1008.0,987.0,994.0,994.0,6519000
2004-02-12,1002.0,1008.0,995.0,995.0,995.0,5949000
2004-02-13,999.0,1026.0,997.0,1019.0,1019.0,8655000
2004-02-16,1035.0,1065.0,1030.0,1058.0,1058.0,8192000
2004-02-17,1065.0,1069.0,1055.0,1068.0,1068.0,4697000
2004-02-18,1065.0,1071.0,1036.0,1039.0,1039.0,4125000
2004-02-19,1059.0,1069.0,1046.0,1069.0,1069.0,4152000
2004-02-20,1056.0,1074.0,1051.0,1060.0,1060.0,3176000
2004-02-23,1065.0,1079.0,1054.0,1076.0,1076.0,2479000
2004-02-24,1077.0,1083.0,1040.0,1047.0,1047.0,3788000
2004-02-25,1040.0,1053.0,1038.0,1047.0,1047.0,2857000
2004-02-26,1055.0,1067.0,1052.0,1067.0,1067.0,2240000
2004-02-27,1067.0,1087.0,1063.0,1078.0,1078.0,6011000
2004-03-01,1090.0,1119.0,1080.0,1118.0,1118.0,8082000
2004-03-02,1124.0,1139.0,1103.0,1134.0,1134.0,7088000
2004-03-03,1130.0,1145.0,1128.0,1136.0,1136.0,5389000
2004-03-04,1136.0,1138.0,1115.0,1116.0,1116.0,5154000
2004-03-05,1135.0,1161.0,1130.0,1160.0,1160.0,6784000
2004-03-08,1169.0,1180.0,1160.0,1160.0,1160.0,5142000
2004-03-09,1161.0,1171.0,1151.0,1171.0,1171.0,5586000
2004-03-10,1151.0,1155.0,1118.0,1135.0,1135.0,9119000
2004-03-11,1100.0,1124.0,1091.0,1108.0,1108.0,6422000
2004-03-12,1097.0,1121.0,1095.0,1116.0,1116.0,9543000
2004-03-15,1140.0,1158.0,1138.0,1149.0,1149.0,5960000
2004-03-16,1140.0,1143.0,1123.0,1123.0,1123.0,2803000
2004-03-17,1147.0,1167.0,1143.0,1154.0,1154.0,4765000
2004-03-18,1174.0,1177.0,1144.0,1153.0,1153.0,4112000
2004-03-19,1148.0,1171.0,1136.0,1149.0,1149.0,3733000
2004-03-22,1149.0,1150.0,1131.0,1145.0,1145.0,2998000
2004-03-23,1125.0,1138.0,1105.0,1135.0,1135.0,4787000
2004-03-24,1155.0,1196.0,1145.0,1190.0,1190.0,9204000
2004-03-25,1200.0,1218.0,1192.0,1218.0,1218.0,6114000
2004-03-26,1220.0,1236.0,1211.0,1233.0,1233.0,5570000
2004-03-29,1213.0,1233.0,1201.0,1203.0,1203.0,5604000
2004-03-30,1230.0,1230.0,1180.0,1190.0,1190.0,5628000
2004-03-31,1210.0,1232.0,1196.0,1230.0,1230.0,5751000
2004-04-01,1218.0,1251.0,1217.0,1237.0,1237.0,6422000
2004-04-02,1239.0,1245.0,1215.0,1222.0,1222.0,4680000
2004-04-05,1242.0,1249.0,1224.0,1231.0,1231.0,4106000
2004-04-06,1239.0,1278.0,1225.0,1270.0,1270.0,5362000
2004-04-07,1250.0,1261.0,1241.0,1244.0,1244.0,4159000
2004-04-08,1245.0,1267.0,1241.0,1261.0,1261.0,3876000
2004-04-09,1242.0,1250.0,1230.0,1243.0,1243.0,3709000
2004-04-12,1244.0,1260.0,1240.0,1250.0,1250.0,2662000
2004-04-13,1268.0,1273.0,1247.0,1253.0,1253.0,3031000
2004-04-14,1253.0,1283.0,1245.0,1276.0,1276.0,3756000
2004-04-15,1270.0,1282.0,1222.0,1240.0,1240.0,4593000
2004-04-16,1212.0,1217.0,1199.0,1202.0,1202.0,4914000
2004-04-19,1202.0,1203.0,1150.0,1170.0,1170.0,5587000
2004-04-20,1167.0,1193.0,1160.0,1185.0,1185.0,3281000
2004-04-21,1165.0,1180.0,1153.0,1164.0,1164.0,7040000
2004-04-22,1179.0,1181.0,1141.0,1147.0,1147.0,6665000
2004-04-23,1090.0,1097.0,1046.0,1097.0,1097.0,37762000
2004-04-26,1037.0,1075.0,1024.0,1059.0,1059.0,34525000
2004-04-27,1078.0,1090.0,1062.0,1087.0,1087.0,16881000
2004-04-28,1096.0,1100.0,1073.0,1085.0,1085.0,8806000
2004-04-30,1065.0,1065.0,1045.0,1052.0,1052.0,8009000
2004-05-06,1061.0,1061.0,1004.0,1008.0,1008.0,8945000
2004-05-07,1000.0,1010.0,985.0,990.0,990.0,18900000
2004-05-10,994.0,1003.0,936.0,949.0,949.0,13524000
2004-05-11,959.0,1012.0,957.0,996.0,996.0,17534000
2004-05-12,1066.0,1087.0,1046.0,1078.0,1078.0,18184000
2004-05-13,1058.0,1059.0,1019.0,1019.0,1019.0,11012000
2004-05-14,1020.0,1030.0,1010.0,1030.0,1030.0,6500000
2004-05-17,1028.0,1028.0,978.0,982.0,982.0,4933000
2004-05-18,990.0,1020.0,986.0,1020.0,1020.0,5274000
2004-05-19,1012.0,1055.0,1002.0,1054.0,1054.0,7019000
2004-05-20,1048.0,1054.0,1026.0,1038.0,1038.0,3729000
2004-05-21,1039.0,1084.0,1036.0,1080.0,1080.0,7647000
2004-05-24,1095.0,1104.0,1087.0,1090.0,1090.0,8072000
2004-05-25,1093.0,1093.0,1054.0,1060.0,1060.0,4920000
2004-05-26,1086.0,1092.0,1072.0,1075.0,1075.0,3389000
2004-05-27,1084.0,1087.0,1065.0,1068.0,1068.0,3344000
2004-05-28,1084.0,1091.0,1071.0,1091.0,1091.0,6351000
2004-05-31,1081.0,1081.0,1057.0,1075.0,1075.0,4354000
2004-06-01,1077.0,1085.0,1070.0,1080.0,1080.0,2619000
2004-06-02,1080.0,1084.0,1068.0,1082.0,1082.0,3091000
2004-06-03,1077.0,1082.0,1048.0,1055.0,1055.0,5655000
2004-06-04,1035.0,1042.0,1008.0,1024.0,1024.0,9525000
2004-06-07,1031.0,1063.0,1030.0,1061.0,1061.0,6527000
2004-06-08,1075.0,1080.0,1066.0,1071.0,1071.0,3940000
2004-06-09,1069.0,1070.0,1045.0,1048.0,1048.0,4506000
2004-06-10,1050.0,1075.0,1046.0,1072.0,1072.0,5608000
2004-06-11,1075.0,1087.0,1069.0,1077.0,1077.0,7217000
2004-06-14,1081.0,1090.0,1074.0,1081.0,1081.0,3613000
2004-06-15,1082.0,1090.0,1057.0,1067.0,1067.0,4784000
2004-06-16,1071.0,1081.0,1058.0,1064.0,1064.0,3632000
2004-06-17,1070.0,1078.0,1063.0,1070.0,1070.0,3850000
2004-06-18,1074.0,1074.0,1045.0,1053.0,1053.0,2992000
2004-06-21,1049.0,1070.0,1048.0,1059.0,1059.0,3906000
2004-06-22,1060.0,1066.0,1050.0,1057.0,1057.0,4129000
2004-06-23,1060.0,1060.0,1022.0,1024.0,1024.0,6365000
2004-06-24,1023.0,1026.0,1012.0,1018.0,1018.0,6413000
2004-06-25,1030.0,1034.0,1020.0,1034.0,1034.0,3101000
2004-06-28,1043.0,1047.0,1039.0,1047.0,1047.0,3014000
2004-06-29,1041.0,1065.0,1037.0,1059.0,1059.0,4988000
2004-06-30,1055.0,1066.0,1053.0,1060.0,1060.0,4079000
2004-07-01,1069.0,1077.0,1063.0,1066.0,1066.0,4638000
2004-07-02,1050.0,1059.0,1036.0,1037.0,1037.0,4011000
2004-07-05,1024.0,1028.0,1015.0,1025.0,1025.0,3603000
2004-07-06,1019.0,1025.0,1005.0,1007.0,1007.0,3405000
2004-07-07,982.0,991.0,977.0,988.0,988.0,8767000
2004-07-08,1000.0,1018.0,998.0,1012.0,1012.0,6898000
2004-07-09,1018.0,1019.0,1006.0,1013.0,1013.0,3783000
2004-07-12,1034.0,1040.0,1024.0,1024.0,1024.0,3954000
2004-07-13,1028.0,1044.0,1023.0,1043.0,1043.0,3123000
2004-07-14,1061.0,1071.0,1041.0,1044.0,1044.0,5697000
2004-07-15,1043.0,1058.0,1034.0,1051.0,1051.0,4413000
2004-07-16,1035.0,1047.0,1034.0,1043.0,1043.0,2784000
2004-07-20,1045.0,1052.0,1035.0,1047.0,1047.0,5472000
2004-07-21,1055.0,1058.0,1043.0,1054.0,1054.0,2746000
2004-07-22,1048.0,1053.0,1041.0,1051.0,1051.0,2372000
2004-07-23,1052.0,1063.0,1051.0,1055.0,1055.0,3244000
2004-07-26,1055.0,1056.0,1043.0,1050.0,1050.0,2843000
2004-07-27,1055.0,1071.0,1048.0,1055.0,1055.0,9278000
2004-07-28,1059.0,1059.0,1044.0,1046.0,1046.0,3952000
2004-07-29,1042.0,1045.0,1025.0,1029.0,1029.0,3955000
2004-07-30,1049.0,1072.0,1044.0,1072.0,1072.0,5266000
2004-08-02,1073.0,1086.0,1066.0,1083.0,1083.0,4054000
2004-08-03,1084.0,1088.0,1071.0,1080.0,1080.0,3985000
2004-08-04,1074.0,1076.0,1057.0,1071.0,1071.0,2901000
2004-08-05,1084.0,1091.0,1080.0,1086.0,1086.0,5096000
2004-08-06,1074.0,1088.0,1072.0,1088.0,1088.0,3407000
2004-08-09,1071.0,1087.0,1068.0,1084.0,1084.0,2355000
2004-08-10,1070.0,1085.0,1068.0,1079.0,1079.0,1925000
2004-08-11,1089.0,1097.0,1084.0,1096.0,1096.0,3691000
2004-08-12,1097.0,1102.0,1087.0,1097.0,1097.0,5422000
2004-08-13,1103.0,1105.0,1090.0,1090.0,1090.0,5229000
2004-08-16,1095.0,1116.0,1080.0,1107.0,1107.0,6758000
2004-08-17,1116.0,1121.0,1112.0,1117.0,1117.0,5184000
2004-08-18,1104.0,1114.0,1095.0,1104.0,1104.0,3278000
2004-08-19,1114.0,1126.0,1112.0,1124.0,1124.0,3435000
2004-08-20,1125.0,1130.0,1120.0,1129.0,1129.0,2689000
2004-08-23,1133.0,1141.0,1131.0,1141.0,1141.0,4437000
2004-08-24,1144.0,1147.0,1124.0,1130.0,1130.0,4380000
2004-08-25,1114.0,1140.0,1114.0,1134.0,1134.0,3733000
2004-08-26,1135.0,1137.0,1128.0,1134.0,1134.0,2725000
2004-08-27,1129.0,1133.0,1125.0,1128.0,1128.0,2219000
2004-08-30,1126.0,1146.0,1126.0,1145.0,1145.0,2797000
2004-08-31,1136.0,1143.0,1131.0,1133.0,1133.0,2011000
2004-09-01,1134.0,1145.0,1134.0,1138.0,1138.0,2455100
2004-09-02,1136.0,1143.0,1131.0,1139.0,1139.0,2365200
2004-09-03,1144.0,1148.0,1135.0,1139.0,1139.0,2669300
2004-09-06,1155.0,1201.0,1153.0,1197.0,1197.0,10505800
2004-09-07,1192.0,1205.0,1184.0,1203.0,1203.0,5598800
2004-09-08,1194.0,1207.0,1194.0,1203.0,1203.0,3383000
2004-09-09,1190.0,1206.0,1187.0,1190.0,1190.0,4245600
2004-09-10,1204.0,1204.0,1177.0,1185.0,1185.0,8358600
2004-09-13,1185.0,1204.0,1184.0,1197.0,1197.0,2797100
2004-09-14,1207.0,1224.0,1199.0,1220.0,1220.0,4693700
2004-09-15,1206.0,1214.0,1192.0,1192.0,1192.0,2536200
2004-09-16,1179.0,1199.0,1172.0,1190.0,1190.0,3623000
2004-09-17,1195.0,1199.0,1185.0,1186.0,1186.0,4714700
2004-09-21,1187.0,1193.0,1168.0,1168.0,1168.0,3901700
2004-09-22,1190.0,1213.0,1185.0,1205.0,1205.0,7509400
2004-09-24,1185.0,1207.0,1183.0,1200.0,1200.0,6079100
2004-09-27,1195.0,1198.0,1176.0,1176.0,1176.0,4110800
2004-09-28,1172.0,1182.0,1165.0,1180.0,1180.0,3758500
2004-09-29,1192.0,1201.0,1173.0,1180.0,1180.0,6860900
2004-09-30,1180.0,1202.0,1180.0,1191.0,1191.0,5331100
2004-10-01,1215.0,1240.0,1209.0,1235.0,1235.0,8915500
2004-10-04,1245.0,1260.0,1241.0,1250.0,1250.0,5965300
2004-10-05,1230.0,1238.0,1219.0,1220.0,1220.0,5265400
2004-10-06,1210.0,1236.0,1205.0,1226.0,1226.0,8241900
2004-10-07,1240.0,1245.0,1232.0,1236.0,1236.0,4127100
2004-10-08,1220.0,1238.0,1220.0,1232.0,1232.0,3650900
2004-10-12,1236.0,1245.0,1233.0,1242.0,1242.0,3549900
2004-10-13,1268.0,1299.0,1266.0,1282.0,1282.0,19556800
2004-10-14,1250.0,1252.0,1224.0,1237.0,1237.0,11820900
2004-10-15,1220.0,1263.0,1218.0,1263.0,1263.0,8853800
2004-10-18,1264.0,1265.0,1238.0,1242.0,1242.0,4053200
2004-10-19,1242.0,1245.0,1228.0,1236.0,1236.0,3255900
2004-10-20,1216.0,1220.0,1178.0,1185.0,1185.0,9572000
2004-10-21,1189.0,1204.0,1178.0,1198.0,1198.0,4395900
2004-10-22,1204.0,1244.0,1201.0,1230.0,1230.0,5997400
2004-10-25,1210.0,1214.0,1196.0,1206.0,1206.0,3686900
2004-10-26,1206.0,1206.0,1189.0,1193.0,1193.0,2773800
2004-10-27,1187.0,1196.0,1162.0,1176.0,1176.0,6647300
2004-10-28,1188.0,1236.0,1176.0,1223.0,1223.0,7115700
2004-10-29,1183.0,1198.0,1169.0,1171.0,1171.0,7699300
2004-11-01,1191.0,1194.0,1180.0,1182.0,1182.0,3307500
2004-11-02,1199.0,1205.0,1186.0,1205.0,1205.0,2801300
2004-11-04,1225.0,1227.0,1212.0,1217.0,1217.0,4188100
2004-11-05,1225.0,1252.0,1224.0,1250.0,1250.0,9361300
2004-11-08,1260.0,1261.0,1230.0,1232.0,1232.0,6026100
2004-11-09,1235.0,1254.0,1228.0,1233.0,1233.0,4177300
2004-11-10,1226.0,1238.0,1226.0,1232.0,1232.0,3007700
2004-11-11,1233.0,1243.0,1214.0,1214.0,1214.0,2542500
2004-11-12,1200.0,1228.0,1200.0,1225.0,1225.0,3796000
2004-11-15,1232.0,1247.0,1232.0,1245.0,1245.0,3589600
2004-11-16,1250.0,1267.0,1246.0,1264.0,1264.0,5109000
2004-11-17,1270.0,1282.0,1268.0,1278.0,1278.0,6756100
2004-11-18,1276.0,1283.0,1263.0,1263.0,1263.0,3958600
2004-11-19,1276.0,1283.0,1275.0,1277.0,1277.0,2806800
2004-11-22,1275.0,1275.0,1244.0,1260.0,1260.0,3740900
2004-11-24,1260.0,1263.0,1234.0,1239.0,1239.0,5061600
2004-11-25,1241.0,1250.0,1233.0,1248.0,1248.0,5895500
2004-11-26,1250.0,1268.0,1243.0,1261.0,1261.0,3764000
2004-11-29,1277.0,1300.0,1271.0,1296.0,1296.0,6758600
2004-11-30,1295.0,1303.0,1287.0,1303.0,1303.0,5191800
2004-12-01,1290.0,1296.0,1278.0,1294.0,1294.0,3967100
2004-12-02,1306.0,1321.0,1297.0,1314.0,1314.0,7577100
2004-12-03,1300.0,1308.0,1292.0,1296.0,1296.0,4815800
2004-12-06,1290.0,1296.0,1286.0,1296.0,1296.0,2784100
2004-12-07,1305.0,1311.0,1296.0,1296.0,1296.0,3346200
2004-12-08,1290.0,1316.0,1290.0,1313.0,1313.0,3857600
2004-12-09,1300.0,1301.0,1276.0,1280.0,1280.0,4600700
2004-12-10,1271.0,1297.0,1271.0,1271.0,1271.0,10570300
2004-12-13,1262.0,1268.0,1245.0,1255.0,1255.0,11459200
2004-12-14,1265.0,1281.0,1248.0,1281.0,1281.0,6841300
2004-12-15,1270.0,1279.0,1260.0,1261.0,1261.0,6075800
2004-12-16,1249.0,1256.0,1234.0,1238.0,1238.0,7153600
2004-12-17,1240.0,1255.0,1237.0,1243.0,1243.0,4198300
2004-12-20,1258.0,1259.0,1245.0,1251.0,1251.0,3938400
2004-12-21,1260.0,1284.0,1260.0,1277.0,1277.0,5874400
2004-12-22,1285.0,1293.0,1276.0,1283.0,1283.0,3228100
2004-12-24,1294.0,1300.0,1290.0,1300.0,1300.0,3091600
2004-12-27,1300.0,1316.0,1299.0,1313.0,1313.0,3139000
2004-12-28,1311.0,1322.0,1310.0,1317.0,1317.0,3019500
2004-12-29,1325.0,1325.0,1315.0,1316.0,1316.0,1614400
2004-12-30,1320.0,1324.0,1313.0,1324.0,1324.0,967200
2005-01-04,1325.0,1330.0,1321.0,1327.0,1327.0,2786100
2005-01-05,1318.0,1324.0,1307.0,1307.0,1307.0,3476900
2005-01-06,1311.0,1319.0,1308.0,1315.0,1315.0,3393900
2005-01-07,1320.0,1328.0,1311.0,1322.0,1322.0,3884000
2005-01-11,1316.0,1327.0,1302.0,1309.0,1309.0,7549900
2005-01-12,1310.0,1317.0,1302.0,1302.0,1302.0,2766100
2005-01-13,1306.0,1309.0,1295.0,1298.0,1298.0,3305900
2005-01-14,1296.0,1302.0,1284.0,1300.0,1300.0,4890900
2005-01-17,1320.0,1321.0,1300.0,1307.0,1307.0,3800500
2005-01-18,1303.0,1308.0,1290.0,1294.0,1294.0,3262300
2005-01-19,1294.0,1311.0,1294.0,1296.0,1296.0,2539900
2005-01-20,1288.0,1290.0,1270.0,1271.0,1271.0,3937800
2005-01-21,1261.0,1283.0,1260.0,1262.0,1262.0,3148400
2005-01-24,1249.0,1254.0,1238.0,1246.0,1246.0,7084600
2005-01-25,1268.0,1293.0,1265.0,1288.0,1288.0,5720200
2005-01-26,1291.0,1291.0,1275.0,1286.0,1286.0,4105700
2005-01-27,1276.0,1283.0,1249.0,1255.0,1255.0,7664900
2005-01-28,1256.0,1259.0,1240.0,1245.0,1245.0,5680300
2005-01-31,1230.0,1235.0,1214.0,1216.0,1216.0,10930300
2005-02-01,1234.0,1247.0,1226.0,1244.0,1244.0,6847300
2005-02-02,1260.0,1285.0,1258.0,1284.0,1284.0,9264200
2005-02-03,1280.0,1287.0,1263.0,1286.0,1286.0,7383600
2005-02-04,1289.0,1295.0,1271.0,1295.0,1295.0,5517100
2005-02-07,1300.0,1306.0,1296.0,1300.0,1300.0,5238500
2005-02-08,1307.0,1315.0,1303.0,1309.0,1309.0,5885000
2005-02-09,1315.0,1315.0,1301.0,1308.0,1308.0,3558900
2005-02-10,1310.0,1314.0,1305.0,1313.0,1313.0,4741200
2005-02-14,1323.0,1327.0,1318.0,1318.0,1318.0,3732200
2005-02-15,1316.0,1326.0,1313.0,1325.0,1325.0,2143900
2005-02-16,1326.0,1347.0,1323.0,1330.0,1330.0,5953100
2005-02-17,1333.0,1352.0,1332.0,1350.0,1350.0,4773000
2005-02-18,1350.0,1380.0,1345.0,1376.0,1376.0,6976800
2005-02-21,1395.0,1395.0,1366.0,1367.0,1367.0,7080900
2005-02-22,1352.0,1371.0,1344.0,1371.0,1371.0,6271400
2005-02-23,1362.0,1367.0,1352.0,1359.0,1359.0,4719200
2005-02-24,1372.0,1391.0,1370.0,1386.0,1386.0,5233000
2005-02-25,1392.0,1427.0,1390.0,1412.0,1412.0,8350600
2005-02-28,1438.0,1439.0,1422.0,1425.0,1425.0,4596000
2005-03-01,1425.0,1444.0,1424.0,1444.0,1444.0,3762500
2005-03-02,1451.0,1457.0,1422.0,1429.0,1429.0,5010500
2005-03-03,1409.0,1447.0,1409.0,1418.0,1418.0,5911400
2005-03-04,1430.0,1449.0,1421.0,1441.0,1441.0,3757600
2005-03-07,1461.0,1476.0,1448.0,1456.0,1456.0,5968500
2005-03-08,1459.0,1462.0,1441.0,1450.0,1450.0,5329700
2005-03-09,1453.0,1456.0,1443.0,1451.0,1451.0,5770900
2005-03-10,1442.0,1445.0,1435.0,1436.0,1436.0,3417500
2005-03-11,1416.0,1439.0,1416.0,1420.0,1420.0,9694100
2005-03-14,1422.0,1441.0,1420.0,1430.0,1430.0,4488700
2005-03-15,1440.0,1453.0,1439.0,1448.0,1448.0,7567100
2005-03-16,1460.0,1464.0,1453.0,1460.0,1460.0,4416700
2005-03-17,1461.0,1480.0,1458.0,1467.0,1467.0,7339000
2005-03-18,1468.0,1486.0,1467.0,1479.0,1479.0,6661700
2005-03-22,1490.0,1490.0,1467.0,1476.0,1476.0,6104200
2005-03-23,1458.0,1459.0,1438.0,1444.0,1444.0,8651700
2005-03-24,1435.0,1440.0,1405.0,1413.0,1413.0,9296600
2005-03-25,1417.0,1421.0,1398.0,1414.0,1414.0,4933600
2005-03-28,1414.0,1442.0,1412.0,1427.0,1427.0,5641400
2005-03-29,1428.0,1428.0,1385.0,1400.0,1400.0,5895600
2005-03-30,1386.0,1394.0,1367.0,1378.0,1378.0,6326200
2005-03-31,1381.0,1405.0,1381.0,1389.0,1389.0,5368600
2005-04-01,1385.0,1424.0,1372.0,1421.0,1421.0,7326800
2005-04-04,1439.0,1455.0,1430.0,1443.0,1443.0,7796000
2005-04-05,1439.0,1448.0,1435.0,1439.0,1439.0,3857800
2005-04-06,1430.0,1441.0,1426.0,1440.0,1440.0,3939300
2005-04-07,1441.0,1442.0,1410.0,1413.0,1413.0,5320600
2005-04-08,1430.0,1431.0,1415.0,1419.0,1419.0,4282400
2005-04-11,1412.0,1417.0,1398.0,1403.0,1403.0,2617200
2005-04-12,1398.0,1408.0,1389.0,1389.0,1389.0,2941800
2005-04-13,1398.0,1407.0,1391.0,1396.0,1396.0,2857800
2005-04-14,1383.0,1384.0,1360.0,1374.0,1374.0,5657700
2005-04-15,1361.0,1368.0,1354.0,1363.0,1363.0,6289400
2005-04-18,1336.0,1338.0,1313.0,1319.0,1319.0,8311800
2005-04-19,1340.0,1377.0,1338.0,1370.0,1370.0,8113500
2005-04-20,1371.0,1380.0,1362.0,1369.0,1369.0,4320200
2005-04-21,1350.0,1377.0,1347.0,1371.0,1371.0,5763700
2005-04-22,1385.0,1396.0,1382.0,1384.0,1384.0,9289200
2005-04-25,1388.0,1391.0,1373.0,1388.0,1388.0,2887100
2005-04-26,1400.0,1400.0,1386.0,1397.0,1397.0,2953200
2005-04-27,1397.0,1426.0,1391.0,1426.0,1426.0,8496500
2005-04-28,1425.0,1442.0,1404.0,1438.0,1438.0,8646700
2005-05-02,1418.0,1418.0,1398.0,1403.0,1403.0,9104300
2005-05-06,1432.0,1433.0,1421.0,1433.0,1433.0,5701600
2005-05-09,1433.0,1433.0,1414.0,1420.0,1420.0,4837400
2005-05-10,1411.0,1419.0,1404.0,1409.0,1409.0,3960400
2005-05-11,1403.0,1403.0,1389.0,1400.0,1400.0,4082600
2005-05-12,1401.0,1411.0,1398.0,1402.0,1402.0,3530600
2005-05-13,1386.0,1393.0,1377.0,1381.0,1381.0,4597200
2005-05-16,1370.0,1371.0,1350.0,1353.0,1353.0,4622200
2005-05-17,1358.0,1370.0,1330.0,1332.0,1332.0,4485900
2005-05-18,1352.0,1365.0,1347.0,1347.0,1347.0,6077000
2005-05-19,1394.0,1417.0,1392.0,1406.0,1406.0,9765500
2005-05-20,1423.0,1424.0,1409.0,1420.0,1420.0,4624500
2005-05-23,1410.0,1416.0,1405.0,1415.0,1415.0,3564000
2005-05-24,1420.0,1420.0,1404.0,1409.0,1409.0,2358400
2005-05-25,1417.0,1419.0,1394.0,1397.0,1397.0,4112300
2005-05-26,1400.0,1405.0,1380.0,1391.0,1391.0,3910500
2005-05-27,1409.0,1422.0,1403.0,1421.0,1421.0,3929400
2005-05-30,1420.0,1426.0,1415.0,1424.0,1424.0,4066600
2005-05-31,1435.0,1444.0,1430.0,1439.0,1439.0,5923900
2005-06-01,1426.0,1437.0,1422.0,1437.0,1437.0,3813000
2005-06-02,1441.0,1449.0,1431.0,1431.0,1431.0,4463600
2005-06-03,1445.0,1447.0,1435.0,1446.0,1446.0,4720500
2005-06-06,1435.0,1446.0,1424.0,1440.0,1440.0,5279100
2005-06-07,1445.0,1445.0,1434.0,1440.0,1440.0,2886300
2005-06-08,1449.0,1467.0,1447.0,1457.0,1457.0,8142400
2005-06-09,1469.0,1470.0,1451.0,1451.0,1451.0,4932900
2005-06-10,1468.0,1476.0,1463.0,1466.0,1466.0,9002200
2005-06-13,1467.0,1475.0,1465.0,1469.0,1469.0,3050200
2005-06-14,1479.0,1489.0,1475.0,1484.0,1484.0,5238900
2005-06-15,1489.0,1502.0,1484.0,1490.0,1490.0,6595900
2005-06-16,1500.0,1505.0,1493.0,1501.0,1501.0,5501800
2005-06-17,1520.0,1529.0,1516.0,1527.0,1527.0,7045800
2005-06-20,1520.0,1525.0,1512.0,1518.0,1518.0,6745900
2005-06-21,1515.0,1524.0,1504.0,1508.0,1508.0,4066000
2005-06-22,1505.0,1506.0,1491.0,1506.0,1506.0,4219200
2005-06-23,1510.0,1512.0,1501.0,1504.0,1504.0,4369000
2005-06-24,1498.0,1507.0,1491.0,1505.0,1505.0,3483600
2005-06-27,1493.0,1509.0,1493.0,1497.0,1497.0,3572600
2005-06-28,1504.0,1508.0,1501.0,1502.0,1502.0,2359600
2005-06-29,1503.0,1505.0,1495.0,1501.0,1501.0,3073100
2005-06-30,1505.0,1508.0,1501.0,1508.0,1508.0,5371100
2005-07-01,1518.0,1522.0,1514.0,1518.0,1518.0,5140600
2005-07-04,1524.0,1537.0,1521.0,1532.0,1532.0,3668700
2005-07-05,1535.0,1538.0,1527.0,1532.0,1532.0,3887300
2005-07-06,1541.0,1549.0,1534.0,1540.0,1540.0,5096100
2005-07-07,1540.0,1547.0,1537.0,1547.0,1547.0,4217300
2005-07-08,1545.0,1550.0,1540.0,1542.0,1542.0,4988000
2005-07-11,1549.0,1553.0,1547.0,1553.0,1553.0,3651900
2005-07-12,1559.0,1560.0,1549.0,1559.0,1559.0,3889000
2005-07-13,1557.0,1564.0,1551.0,1563.0,1563.0,3881700
2005-07-14,1560.0,1565.0,1559.0,1559.0,1559.0,4583600
2005-07-15,1543.0,1551.0,1528.0,1538.0,1538.0,10989300
2005-07-19,1526.0,1529.0,1510.0,1515.0,1515.0,7716600
2005-07-20,1526.0,1551.0,1524.0,1543.0,1543.0,5831800
2005-07-21,1543.0,1550.0,1528.0,1529.0,1529.0,2849000
2005-07-22,1531.0,1537.0,1527.0,1537.0,1537.0,3479800
2005-07-25,1549.0,1569.0,1548.0,1562.0,1562.0,8458300
2005-07-26,1560.0,1569.0,1559.0,1565.0,1565.0,3608000
2005-07-27,1565.0,1574.0,1563.0,1574.0,1574.0,3156500
2005-07-28,1584.0,1595.0,1576.0,1592.0,1592.0,6915500
2005-07-29,1600.0,1613.0,1579.0,1606.0,1606.0,9321400
2005-08-01,1598.0,1627.0,1591.0,1620.0,1620.0,6188200
2005-08-02,1620.0,1627.0,1615.0,1621.0,1621.0,4709700
2005-08-03,1637.0,1637.0,1622.0,1627.0,1627.0,4352700
2005-08-04,1627.0,1638.0,1619.0,1638.0,1638.0,6212000
2005-08-05,1635.0,1635.0,1622.0,1628.0,1628.0,6836600
2005-08-08,1605.0,1640.0,1602.0,1640.0,1640.0,5802200
2005-08-09,1650.0,1688.0,1646.0,1673.0,1673.0,9867200
2005-08-10,1688.0,1706.0,1686.0,1691.0,1691.0,9459100
2005-08-11,1712.0,1755.0,1707.0,1745.0,1745.0,9575200
2005-08-12,1755.0,1798.0,1754.0,1775.0,1775.0,13163100
2005-08-15,1777.0,1825.0,1777.0,1815.0,1815.0,7983800
2005-08-16,1818.0,1830.0,1805.0,1807.0,1807.0,10456300
2005-08-17,1797.0,1824.0,1789.0,1801.0,1801.0,8831200
2005-08-18,1797.0,1813.0,1791.0,1799.0,1799.0,6224900
2005-08-19,1791.0,1794.0,1773.0,1780.0,1780.0,5764000
2005-08-22,1794.0,1820.0,1782.0,1820.0,1820.0,7277500
2005-08-23,1840.0,1843.0,1821.0,1821.0,1821.0,5114200
2005-08-24,1814.0,1822.0,1803.0,1810.0,1810.0,5720700
2005-08-25,1800.0,1806.0,1784.0,1790.0,1790.0,5230400
2005-08-26,1788.0,1810.0,1786.0,1790.0,1790.0,4683800
2005-08-29,1789.0,1790.0,1776.0,1778.0,1778.0,2983500
2005-08-30,1800.0,1830.0,1796.0,1825.0,1825.0,4456000
2005-08-31,1821.0,1828.0,1810.0,1817.0,1817.0,3431100
2005-09-01,1830.0,1856.0,1829.0,1835.0,1835.0,7528500
2005-09-02,1856.0,1867.0,1846.0,1867.0,1867.0,6268700
2005-09-05,1890.0,1893.0,1881.0,1888.0,1888.0,6382900
2005-09-06,1899.0,1900.0,1867.0,1870.0,1870.0,5945700
2005-09-07,1890.0,1894.0,1851.0,1864.0,1864.0,5484200
2005-09-08,1872.0,1872.0,1829.0,1840.0,1840.0,6364000
2005-09-09,1816.0,1871.0,1815.0,1870.0,1870.0,9225300
2005-09-12,1885.0,1895.0,1876.0,1895.0,1895.0,7068700
2005-09-13,1897.0,1931.0,1892.0,1925.0,1925.0,7240800
2005-09-14,1914.0,1924.0,1904.0,1907.0,1907.0,4622600
2005-09-15,1917.0,1958.0,1912.0,1958.0,1958.0,7479400
2005-09-16,1970.0,1980.0,1955.0,1969.0,1969.0,6055800
2005-09-20,1989.0,2030.0,1986.0,2020.0,2020.0,9187800
2005-09-21,2060.0,2130.0,2025.0,2080.0,2080.0,14095200
2005-09-22,2020.0,2065.0,2005.0,2055.0,2055.0,9168600
2005-09-26,2100.0,2135.0,2085.0,2135.0,2135.0,6945000
2005-09-27,2160.0,2205.0,2120.0,2160.0,2160.0,8719700
2005-09-28,2185.0,2210.0,2170.0,2185.0,2185.0,8679000
2005-09-29,2250.0,2320.0,2220.0,2320.0,2320.0,10712100
2005-09-30,2340.0,2345.0,2215.0,2240.0,2240.0,14251100
2005-10-03,2200.0,2245.0,2130.0,2230.0,2230.0,9827100
2005-10-04,2200.0,2235.0,2150.0,2185.0,2185.0,8399700
2005-10-05,2150.0,2175.0,2110.0,2140.0,2140.0,6585700
2005-10-06,2060.0,2135.0,2055.0,2080.0,2080.0,8540100
2005-10-07,2080.0,2165.0,2065.0,2135.0,2135.0,8140500
2005-10-11,2165.0,2255.0,2165.0,2255.0,2255.0,9535200
2005-10-12,2280.0,2295.0,2230.0,2240.0,2240.0,10485000
2005-10-13,2220.0,2265.0,2185.0,2225.0,2225.0,7421200
2005-10-14,2250.0,2250.0,2150.0,2165.0,2165.0,7022500
2005-10-17,2165.0,2165.0,2110.0,2110.0,2110.0,6801700
2005-10-18,2100.0,2165.0,2100.0,2135.0,2135.0,6906100
2005-10-19,2110.0,2120.0,2070.0,2095.0,2095.0,8176500
2005-10-20,2100.0,2120.0,2025.0,2045.0,2045.0,8121700
2005-10-21,1986.0,2060.0,1982.0,2060.0,2060.0,10821600
2005-10-24,2085.0,2090.0,2050.0,2065.0,2065.0,4890000
2005-10-25,2090.0,2130.0,2080.0,2095.0,2095.0,6206600
2005-10-26,2090.0,2120.0,2070.0,2120.0,2120.0,6101800
2005-10-27,2150.0,2205.0,2135.0,2160.0,2160.0,10643600
2005-10-28,2160.0,2250.0,2160.0,2250.0,2250.0,15843100
2005-10-31,2300.0,2310.0,2250.0,2250.0,2250.0,11219700
2005-11-01,2280.0,2300.0,2240.0,2295.0,2295.0,7582800
2005-11-02,2300.0,2320.0,2265.0,2300.0,2300.0,10355800
2005-11-04,2330.0,2345.0,2310.0,2345.0,2345.0,9621800
2005-11-07,2385.0,2430.0,2375.0,2425.0,2425.0,12018800
2005-11-08,2440.0,2445.0,2370.0,2395.0,2395.0,8814700
2005-11-09,2385.0,2400.0,2360.0,2380.0,2380.0,4070700
2005-11-10,2350.0,2380.0,2310.0,2350.0,2350.0,5519400
2005-11-11,2350.0,2360.0,2310.0,2320.0,2320.0,5164200
2005-11-14,2325.0,2340.0,2285.0,2300.0,2300.0,4097100
2005-11-15,2270.0,2290.0,2255.0,2275.0,2275.0,4853600
2005-11-16,2260.0,2325.0,2245.0,2325.0,2325.0,5964000
2005-11-17,2345.0,2390.0,2335.0,2380.0,2380.0,5633900
2005-11-18,2400.0,2410.0,2350.0,2365.0,2365.0,7038500
2005-11-21,2390.0,2415.0,2320.0,2340.0,2340.0,7300100
2005-11-22,2335.0,2360.0,2315.0,2355.0,2355.0,3691700
2005-11-24,2390.0,2390.0,2325.0,2330.0,2330.0,4214000
2005-11-25,2330.0,2385.0,2320.0,2380.0,2380.0,4790200
2005-11-28,2405.0,2445.0,2385.0,2445.0,2445.0,8208000
2005-11-29,2435.0,2490.0,2415.0,2490.0,2490.0,10183100
2005-11-30,2510.0,2515.0,2455.0,2455.0,2455.0,9530200
2005-12-01,2460.0,2485.0,2430.0,2485.0,2485.0,5432300
2005-12-02,2500.0,2550.0,2485.0,2550.0,2550.0,8845800
2005-12-05,2545.0,2605.0,2530.0,2580.0,2580.0,9489500
2005-12-06,2580.0,2620.0,2560.0,2575.0,2575.0,8301700
2005-12-07,2600.0,2615.0,2580.0,2590.0,2590.0,5519300
2005-12-08,2600.0,2600.0,2510.0,2545.0,2545.0,6336900
2005-12-09,2505.0,2590.0,2505.0,2580.0,2580.0,10449300
2005-12-12,2620.0,2655.0,2610.0,2655.0,2655.0,8515500
2005-12-13,2670.0,2685.0,2650.0,2670.0,2670.0,7095100
2005-12-14,2700.0,2705.0,2605.0,2635.0,2635.0,9046700
2005-12-15,2605.0,2665.0,2600.0,2615.0,2615.0,5822900
2005-12-16,2620.0,2635.0,2585.0,2595.0,2595.0,6920300
2005-12-19,2605.0,2610.0,2530.0,2560.0,2560.0,6956400
2005-12-20,2565.0,2645.0,2560.0,2610.0,2610.0,6342500
2005-12-21,2645.0,2655.0,2600.0,2630.0,2630.0,5754700
2005-12-22,2605.0,2620.0,2560.0,2605.0,2605.0,7069700
2005-12-26,2630.0,2630.0,2585.0,2590.0,2590.0,4151800
2005-12-27,2590.0,2615.0,2570.0,2595.0,2595.0,4245300
2005-12-28,2595.0,2645.0,2585.0,2640.0,2640.0,4570000
2005-12-29,2670.0,2670.0,2625.0,2640.0,2640.0,3768700
2005-12-30,2640.0,2645.0,2600.0,2610.0,2610.0,2393300
2006-01-04,2695.0,2750.0,2670.0,2725.0,2725.0,8553100
2006-01-05,2755.0,2760.0,2710.0,2745.0,2745.0,7081800
2006-01-06,2740.0,2745.0,2705.0,2715.0,2715.0,4789600
2006-01-10,2715.0,2720.0,2650.0,2655.0,2655.0,7075600
2006-01-11,2615.0,2645.0,2570.0,2615.0,2615.0,11029400
2006-01-12,2640.0,2670.0,2610.0,2625.0,2625.0,7247700
2006-01-13,2605.0,2615.0,2585.0,2595.0,2595.0,7135300
2006-01-16,2595.0,2600.0,2530.0,2540.0,2540.0,10521100
2006-01-17,2510.0,2595.0,2505.0,2515.0,2515.0,8924100
2006-01-18,2500.0,2510.0,2305.0,2390.0,2390.0,12502100
2006-01-19,2430.0,2560.0,2430.0,2525.0,2525.0,10516600
2006-01-20,2600.0,2600.0,2540.0,2595.0,2595.0,8180600
2006-01-23,2535.0,2605.0,2525.0,2560.0,2560.0,5932200
2006-01-24,2590.0,2600.0,2565.0,2595.0,2595.0,4971300
2006-01-25,2600.0,2620.0,2550.0,2555.0,2555.0,6818300
2006-01-26,2595.0,2595.0,2560.0,2585.0,2585.0,4060300
2006-01-27,2605.0,2620.0,2560.0,2600.0,2600.0,13429300
2006-01-30,2700.0,2790.0,2680.0,2760.0,2760.0,19610300
2006-01-31,2760.0,2815.0,2710.0,2740.0,2740.0,16014300
2006-02-01,2715.0,2760.0,2705.0,2730.0,2730.0,7461300
2006-02-02,2760.0,2775.0,2735.0,2760.0,2760.0,6343900
2006-02-03,2765.0,2800.0,2760.0,2790.0,2790.0,8637700
2006-02-06,2800.0,2815.0,2770.0,2790.0,2790.0,6341000
2006-02-07,2810.0,2850.0,2800.0,2820.0,2820.0,10795500
2006-02-08,2800.0,2830.0,2715.0,2720.0,2720.0,9304400
2006-02-09,2745.0,2755.0,2710.0,2725.0,2725.0,6108800
2006-02-10,2715.0,2720.0,2570.0,2660.0,2660.0,9779300
2006-02-13,2580.0,2600.0,2530.0,2555.0,2555.0,8657700
2006-02-14,2520.0,2600.0,2470.0,2600.0,2600.0,8874400
2006-02-15,2620.0,2625.0,2530.0,2535.0,2535.0,5136600
2006-02-16,2545.0,2580.0,2515.0,2550.0,2550.0,5703000
2006-02-17,2550.0,2575.0,2490.0,2500.0,2500.0,5378300
2006-02-20,2490.0,2520.0,2435.0,2465.0,2465.0,7602300
2006-02-21,2500.0,2530.0,2460.0,2515.0,2515.0,6165400
2006-02-22,2550.0,2575.0,2530.0,2555.0,2555.0,7058800
2006-02-23,2570.0,2610.0,2570.0,2595.0,2595.0,6329400
2006-02-24,2600.0,2645.0,2575.0,2640.0,2640.0,5790000
2006-02-27,2650.0,2660.0,2600.0,2645.0,2645.0,5549800
2006-02-28,2655.0,2720.0,2625.0,2720.0,2720.0,13013200
2006-03-01,2660.0,2685.0,2645.0,2665.0,2665.0,8885100
2006-03-02,2660.0,2680.0,2600.0,2615.0,2615.0,5405100
2006-03-03,2615.0,2620.0,2565.0,2575.0,2575.0,4430100
2006-03-06,2565.0,2610.0,2550.0,2605.0,2605.0,4627700
2006-03-07,2600.0,2640.0,2580.0,2605.0,2605.0,4712500
2006-03-08,2525.0,2560.0,2510.0,2530.0,2530.0,7522300
2006-03-09,2530.0,2600.0,2530.0,2565.0,2565.0,9923700
2006-03-10,2515.0,2590.0,2515.0,2535.0,2535.0,13508400
2006-03-13,2575.0,2585.0,2550.0,2570.0,2570.0,5425700
2006-03-14,2575.0,2620.0,2570.0,2580.0,2580.0,6667900
2006-03-15,2600.0,2615.0,2590.0,2605.0,2605.0,4918700
2006-03-16,2630.0,2630.0,2550.0,2560.0,2560.0,5055500
2006-03-17,2590.0,2605.0,2565.0,2600.0,2600.0,4056200
2006-03-20,2600.0,2620.0,2600.0,2605.0,2605.0,6550700
2006-03-22,2600.0,2605.0,2570.0,2570.0,2570.0,8344400
2006-03-23,2580.0,2585.0,2550.0,2560.0,2560.0,5970600
2006-03-24,2565.0,2580.0,2550.0,2575.0,2575.0,4908000
2006-03-27,2570.0,2585.0,2540.0,2555.0,2555.0,7547300
2006-03-28,2540.0,2565.0,2530.0,2545.0,2545.0,5969200
2006-03-29,2550.0,2565.0,2515.0,2555.0,2555.0,6372800
2006-03-30,2580.0,2645.0,2565.0,2625.0,2625.0,14303200
2006-03-31,2695.0,2710.0,2655.0,2680.0,2680.0,15138900
2006-04-03,2695.0,2700.0,2675.0,2680.0,2680.0,8445900
2006-04-04,2685.0,2720.0,2680.0,2695.0,2695.0,8723200
2006-04-05,2690.0,2710.0,2670.0,2670.0,2670.0,6948400
2006-04-06,2685.0,2700.0,2670.0,2695.0,2695.0,7112300
2006-04-07,2685.0,2700.0,2670.0,2695.0,2695.0,6645600
2006-04-10,2655.0,2670.0,2645.0,2670.0,2670.0,8595300
2006-04-11,2675.0,2700.0,2650.0,2685.0,2685.0,8903500
2006-04-12,2690.0,2760.0,2685.0,2720.0,2720.0,20360200
2006-04-13,2755.0,2785.0,2720.0,2770.0,2770.0,14975800
2006-04-14,2780.0,2780.0,2735.0,2740.0,2740.0,7217700
2006-04-17,2750.0,2760.0,2705.0,2740.0,2740.0,6638800
2006-04-18,2700.0,2770.0,2700.0,2760.0,2760.0,9967000
2006-04-19,2800.0,2865.0,2795.0,2835.0,2835.0,23669300
2006-04-20,2890.0,2920.0,2885.0,2920.0,2920.0,18975400
2006-04-21,2900.0,2940.0,2865.0,2910.0,2910.0,13441500
2006-04-24,2865.0,2890.0,2810.0,2830.0,2830.0,10674900
2006-04-25,2780.0,2820.0,2725.0,2800.0,2800.0,11712200
2006-04-26,2835.0,2840.0,2750.0,2805.0,2805.0,7539900
2006-04-27,2810.0,2830.0,2745.0,2745.0,2745.0,6690300
2006-04-28,2720.0,2775.0,2680.0,2755.0,2755.0,11651200
2006-05-01,2755.0,2770.0,2720.0,2740.0,2740.0,4835000
2006-05-02,2750.0,2800.0,2740.0,2770.0,2770.0,7815600
2006-05-08,2810.0,2810.0,2735.0,2755.0,2755.0,10528800
2006-05-09,2735.0,2740.0,2715.0,2725.0,2725.0,8088600
2006-05-10,2705.0,2745.0,2665.0,2685.0,2685.0,13464600
2006-05-11,2670.0,2690.0,2635.0,2645.0,2645.0,10169200
2006-05-12,2590.0,2605.0,2560.0,2595.0,2595.0,15631700
2006-05-15,2555.0,2645.0,2550.0,2605.0,2605.0,9999800
2006-05-16,2590.0,2595.0,2500.0,2520.0,2520.0,10710300
2006-05-17,2515.0,2545.0,2425.0,2535.0,2535.0,15066200
2006-05-18,2415.0,2485.0,2410.0,2460.0,2460.0,13102300
2006-05-19,2455.0,2500.0,2425.0,2485.0,2485.0,9890700
2006-05-22,2500.0,2505.0,2340.0,2375.0,2375.0,13056800
2006-05-23,2335.0,2360.0,2300.0,2320.0,2320.0,11934500
2006-05-24,2385.0,2415.0,2340.0,2405.0,2405.0,13673700
2006-05-25,2370.0,2380.0,2300.0,2310.0,2310.0,10311100
2006-05-26,2330.0,2365.0,2315.0,2330.0,2330.0,9921200
2006-05-29,2390.0,2430.0,2360.0,2380.0,2380.0,10387000
2006-05-30,2415.0,2440.0,2405.0,2405.0,2405.0,9546800
2006-05-31,2340.0,2385.0,2330.0,2365.0,2365.0,7111600
2006-06-01,2390.0,2395.0,2295.0,2315.0,2315.0,8779100
2006-06-02,2335.0,2410.0,2300.0,2400.0,2400.0,13779100
2006-06-05,2400.0,2425.0,2370.0,2390.0,2390.0,8250700
2006-06-06,2355.0,2375.0,2330.0,2340.0,2340.0,5884700
2006-06-07,2310.0,2330.0,2195.0,2220.0,2220.0,10787800
2006-06-08,2165.0,2185.0,2070.0,2120.0,2120.0,15245800
2006-06-09,2115.0,2210.0,2065.0,2155.0,2155.0,18170300
2006-06-12,2125.0,2180.0,2120.0,2155.0,2155.0,9277600
2006-06-13,2100.0,2120.0,2010.0,2020.0,2020.0,10520400
2006-06-14,2000.0,2110.0,1999.0,2085.0,2085.0,15823000
2006-06-15,2125.0,2155.0,2110.0,2115.0,2115.0,9737900
2006-06-16,2235.0,2255.0,2200.0,2250.0,2250.0,12276900
2006-06-19,2250.0,2255.0,2205.0,2230.0,2230.0,6805100
2006-06-20,2215.0,2240.0,2155.0,2180.0,2180.0,9478900
2006-06-21,2215.0,2215.0,2110.0,2145.0,2145.0,11541700
2006-06-22,2170.0,2250.0,2165.0,2250.0,2250.0,11299500
2006-06-23,2200.0,2240.0,2175.0,2225.0,2225.0,9499600
2006-06-26,2200.0,2270.0,2195.0,2250.0,2250.0,9672100
2006-06-27,2250.0,2255.0,2215.0,2230.0,2230.0,6535200
2006-06-28,2195.0,2205.0,2155.0,2155.0,2155.0,7868500
2006-06-29,2195.0,2205.0,2175.0,2200.0,2200.0,5691400
2006-06-30,2280.0,2285.0,2260.0,2285.0,2285.0,9345900
2006-07-03,2305.0,2340.0,2290.0,2315.0,2315.0,9317100
2006-07-04,2335.0,2355.0,2310.0,2320.0,2320.0,6410500
2006-07-05,2270.0,2340.0,2270.0,2320.0,2320.0,6278800
2006-07-06,2315.0,2325.0,2275.0,2290.0,2290.0,7020100
2006-07-07,2300.0,2300.0,2225.0,2245.0,2245.0,7721100
2006-07-10,2205.0,2260.0,2175.0,2260.0,2260.0,10417200
2006-07-11,2255.0,2260.0,2200.0,2230.0,2230.0,5891400
2006-07-12,2220.0,2230.0,2165.0,2180.0,2180.0,6902600
2006-07-13,2140.0,2220.0,2135.0,2175.0,2175.0,10515500
2006-07-14,2145.0,2210.0,2135.0,2170.0,2170.0,8812900
2006-07-18,2085.0,2095.0,2050.0,2050.0,2050.0,9775600
2006-07-19,2105.0,2110.0,2060.0,2090.0,2090.0,5786900
2006-07-20,2170.0,2210.0,2150.0,2200.0,2200.0,8516300
2006-07-21,2175.0,2245.0,2175.0,2205.0,2205.0,10782900
2006-07-24,2190.0,2210.0,2160.0,2205.0,2205.0,5611700
2006-07-25,2250.0,2275.0,2245.0,2265.0,2265.0,5765700
2006-07-26,2270.0,2275.0,2205.0,2205.0,2205.0,5610400
2006-07-27,2210.0,2310.0,2210.0,2300.0,2300.0,11246800
2006-07-28,2325.0,2380.0,2320.0,2370.0,2370.0,16050900
2006-07-31,2385.0,2400.0,2350.0,2350.0,2350.0,9094500
2006-08-01,2350.0,2390.0,2340.0,2385.0,2385.0,7208000
2006-08-02,2380.0,2385.0,2350.0,2365.0,2365.0,4649700
2006-08-03,2395.0,2415.0,2385.0,2400.0,2400.0,9164400
2006-08-04,2405.0,2415.0,2360.0,2380.0,2380.0,4709400
2006-08-07,2380.0,2385.0,2315.0,2315.0,2315.0,3997600
2006-08-08,2330.0,2395.0,2330.0,2395.0,2395.0,6461000
2006-08-09,2380.0,2420.0,2370.0,2420.0,2420.0,6581300
2006-08-10,2405.0,2450.0,2400.0,2435.0,2435.0,6388900
2006-08-11,2420.0,2425.0,2380.0,2390.0,2390.0,5884200
2006-08-14,2375.0,2415.0,2370.0,2405.0,2405.0,5666800
2006-08-15,2410.0,2430.0,2390.0,2400.0,2400.0,6172800
2006-08-16,2440.0,2455.0,2435.0,2445.0,2445.0,5340900
2006-08-17,2465.0,2490.0,2450.0,2460.0,2460.0,8524000
2006-08-18,2475.0,2475.0,2435.0,2445.0,2445.0,4245500
2006-08-21,2450.0,2465.0,2400.0,2405.0,2405.0,4984800
2006-08-22,2420.0,2470.0,2415.0,2460.0,2460.0,6288900
2006-08-23,2465.0,2500.0,2455.0,2480.0,2480.0,8108300
2006-08-24,2470.0,2505.0,2465.0,2480.0,2480.0,10140700
2006-08-25,2495.0,2500.0,2445.0,2460.0,2460.0,5631400
2006-08-28,2470.0,2470.0,2340.0,2375.0,2375.0,9535600
2006-08-29,2390.0,2410.0,2380.0,2405.0,2405.0,5360100
2006-08-30,2430.0,2435.0,2355.0,2375.0,2375.0,4463900
2006-08-31,2360.0,2405.0,2355.0,2390.0,2390.0,6260300
2006-09-01,2375.0,2385.0,2350.0,2360.0,2360.0,4661300
2006-09-04,2400.0,2435.0,2380.0,2395.0,2395.0,6279200
2006-09-05,2400.0,2415.0,2395.0,2395.0,2395.0,3739700
2006-09-06,2395.0,2410.0,2385.0,2395.0,2395.0,4454400
2006-09-07,2335.0,2340.0,2285.0,2300.0,2300.0,11872500
2006-09-08,2270.0,2320.0,2255.0,2300.0,2300.0,15328400
2006-09-11,2320.0,2325.0,2255.0,2270.0,2270.0,6600700
2006-09-12,2255.0,2260.0,2175.0,2185.0,2185.0,12738600
2006-09-13,2225.0,2225.0,2110.0,2135.0,2135.0,13203900
2006-09-14,2200.0,2225.0,2175.0,2225.0,2225.0,10215700
2006-09-15,2200.0,2200.0,2150.0,2185.0,2185.0,8470800
2006-09-19,2135.0,2190.0,2120.0,2130.0,2130.0,12871500
2006-09-20,2100.0,2115.0,2075.0,2090.0,2090.0,10334900
2006-09-21,2130.0,2170.0,2105.0,2165.0,2165.0,9217200
2006-09-22,2125.0,2170.0,2115.0,2115.0,2115.0,9050700
2006-09-25,2080.0,2145.0,2075.0,2105.0,2105.0,8669300
2006-09-26,2130.0,2140.0,2080.0,2090.0,2090.0,6606800
2006-09-27,2140.0,2185.0,2120.0,2175.0,2175.0,8017100
2006-09-28,2200.0,2230.0,2195.0,2205.0,2205.0,6876400
2006-09-29,2215.0,2235.0,2200.0,2220.0,2220.0,5315700
2006-10-02,2230.0,2240.0,2215.0,2220.0,2220.0,6487100
2006-10-03,2190.0,2195.0,2145.0,2160.0,2160.0,10884200
2006-10-04,2125.0,2130.0,2030.0,2040.0,2040.0,23152900
2006-10-05,2080.0,2085.0,2035.0,2065.0,2065.0,12447500
2006-10-06,2085.0,2090.0,2050.0,2060.0,2060.0,11113700
2006-10-10,2085.0,2130.0,2075.0,2110.0,2110.0,13079800
2006-10-11,2115.0,2135.0,2080.0,2080.0,2080.0,9130300
2006-10-12,2110.0,2115.0,2085.0,2095.0,2095.0,7115700
2006-10-13,2145.0,2175.0,2140.0,2160.0,2160.0,12724100
2006-10-16,2190.0,2205.0,2170.0,2175.0,2175.0,11703700
2006-10-17,2215.0,2235.0,2205.0,2220.0,2220.0,12973700
2006-10-18,2215.0,2240.0,2190.0,2210.0,2210.0,10313500
2006-10-19,2230.0,2230.0,2190.0,2205.0,2205.0,4857600
2006-10-20,2220.0,2275.0,2220.0,2265.0,2265.0,12579400
2006-10-23,2260.0,2270.0,2245.0,2265.0,2265.0,5982500
2006-10-24,2290.0,2300.0,2260.0,2270.0,2270.0,7781600
2006-10-25,2295.0,2310.0,2255.0,2260.0,2260.0,7772200
2006-10-26,2310.0,2315.0,2290.0,2305.0,2305.0,8090900
2006-10-27,2320.0,2330.0,2295.0,2305.0,2305.0,7389900
2006-10-30,2310.0,2320.0,2270.0,2280.0,2280.0,10588700
2006-10-31,2280.0,2290.0,2255.0,2260.0,2260.0,9026600
2006-11-01,2250.0,2250.0,2200.0,2220.0,2220.0,10878800
2006-11-02,2210.0,2225.0,2195.0,2215.0,2215.0,8872600
2006-11-06,2210.0,2230.0,2180.0,2220.0,2220.0,8571500
2006-11-07,2260.0,2260.0,2220.0,2225.0,2225.0,4741800
2006-11-08,2240.0,2240.0,2195.0,2205.0,2205.0,4688500
2006-11-09,2210.0,2210.0,2155.0,2165.0,2165.0,7182500
2006-11-10,2160.0,2185.0,2150.0,2175.0,2175.0,9549000
2006-11-13,2135.0,2145.0,2095.0,2120.0,2120.0,7537500
2006-11-14,2145.0,2160.0,2135.0,2155.0,2155.0,7210300
2006-11-15,2145.0,2145.0,2095.0,2105.0,2105.0,7993000
2006-11-16,2115.0,2130.0,2085.0,2090.0,2090.0,8935500
2006-11-17,2080.0,2085.0,2040.0,2060.0,2060.0,9270600
2006-11-20,2050.0,2070.0,2005.0,2020.0,2020.0,9985400
2006-11-21,2025.0,2040.0,1984.0,1991.0,1991.0,13940800
2006-11-22,2015.0,2035.0,2005.0,2025.0,2025.0,9739700
2006-11-24,2025.0,2030.0,2000.0,2025.0,2025.0,6142100
2006-11-27,2020.0,2085.0,2015.0,2070.0,2070.0,11892000
2006-11-28,2060.0,2080.0,2040.0,2065.0,2065.0,7227300
2006-11-29,2085.0,2105.0,2080.0,2095.0,2095.0,7963700
2006-11-30,2150.0,2160.0,2135.0,2160.0,2160.0,10565800
2006-12-01,2145.0,2215.0,2140.0,2185.0,2185.0,12429900
2006-12-04,2195.0,2215.0,2185.0,2200.0,2200.0,8729000
2006-12-05,2225.0,2255.0,2220.0,2235.0,2235.0,11750100
2006-12-06,2245.0,2285.0,2240.0,2285.0,2285.0,12534700
2006-12-07,2260.0,2275.0,2250.0,2250.0,2250.0,8233900
2006-12-08,2210.0,2220.0,2190.0,2195.0,2195.0,14318700
2006-12-11,2195.0,2240.0,2195.0,2230.0,2230.0,6762300
2006-12-12,2260.0,2280.0,2240.0,2255.0,2255.0,9414500
2006-12-13,2215.0,2255.0,2215.0,2255.0,2255.0,4792500
2006-12-14,2265.0,2270.0,2245.0,2260.0,2260.0,5051900
2006-12-15,2270.0,2275.0,2235.0,2245.0,2245.0,6860700
2006-12-18,2265.0,2285.0,2260.0,2285.0,2285.0,9041700
2006-12-19,2265.0,2270.0,2250.0,2250.0,2250.0,5232500
2006-12-20,2260.0,2270.0,2240.0,2265.0,2265.0,5503600
2006-12-21,2265.0,2275.0,2240.0,2240.0,2240.0,8597300
2006-12-22,2240.0,2245.0,2210.0,2225.0,2225.0,8359400
2006-12-25,2215.0,2220.0,2180.0,2195.0,2195.0,5931900
2006-12-26,2175.0,2220.0,2160.0,2215.0,2215.0,7793800
2006-12-27,2220.0,2235.0,2190.0,2190.0,2190.0,6055300
2006-12-28,2210.0,2220.0,2200.0,2205.0,2205.0,6213900
2006-12-29,2230.0,2250.0,2220.0,2240.0,2240.0,5381700
2007-01-04,2240.0,2245.0,2205.0,2230.0,2230.0,4057300
2007-01-05,2200.0,2205.0,2150.0,2170.0,2170.0,10485900
2007-01-09,2135.0,2165.0,2130.0,2145.0,2145.0,9689200
2007-01-10,2155.0,2155.0,2120.0,2140.0,2140.0,9414100
2007-01-11,2130.0,2150.0,2125.0,2130.0,2130.0,9026400
2007-01-12,2140.0,2175.0,2140.0,2150.0,2150.0,7060500
2007-01-15,2165.0,2170.0,2140.0,2150.0,2150.0,9316200
2007-01-16,2150.0,2170.0,2140.0,2165.0,2165.0,6842200
2007-01-17,2155.0,2165.0,2120.0,2150.0,2150.0,10167500
2007-01-18,2165.0,2230.0,2160.0,2210.0,2210.0,13851900
2007-01-19,2205.0,2230.0,2195.0,2225.0,2225.0,9232200
2007-01-22,2265.0,2285.0,2255.0,2265.0,2265.0,11254100
2007-01-23,2265.0,2305.0,2260.0,2300.0,2300.0,10740000
2007-01-24,2360.0,2380.0,2350.0,2365.0,2365.0,19530700
2007-01-25,2405.0,2425.0,2390.0,2390.0,2390.0,19054200
2007-01-26,2350.0,2410.0,2350.0,2405.0,2405.0,13031300
2007-01-29,2410.0,2460.0,2405.0,2435.0,2435.0,13569300
2007-01-30,2455.0,2470.0,2395.0,2420.0,2420.0,12386100
2007-01-31,2445.0,2450.0,2395.0,2440.0,2440.0,11186400
2007-02-01,2440.0,2480.0,2435.0,2460.0,2460.0,14768700
2007-02-02,2480.0,2515.0,2475.0,2490.0,2490.0,17672200
2007-02-05,2490.0,2495.0,2435.0,2450.0,2450.0,9592400
2007-02-06,2450.0,2505.0,2450.0,2495.0,2495.0,10562100
2007-02-07,2480.0,2500.0,2460.0,2490.0,2490.0,7090000
2007-02-08,2475.0,2490.0,2430.0,2460.0,2460.0,8317100
2007-02-09,2485.0,2540.0,2475.0,2520.0,2520.0,14245300
2007-02-13,2510.0,2600.0,2510.0,2590.0,2590.0,16441300
2007-02-14,2600.0,2615.0,2565.0,2585.0,2585.0,15610500
2007-02-15,2605.0,2610.0,2555.0,2600.0,2600.0,12898700
2007-02-16,2570.0,2575.0,2525.0,2555.0,2555.0,10557800
2007-02-19,2525.0,2580.0,2515.0,2570.0,2570.0,6534200
2007-02-20,2565.0,2590.0,2535.0,2580.0,2580.0,6251300
2007-02-21,2565.0,2610.0,2565.0,2585.0,2585.0,7427100
2007-02-22,2620.0,2670.0,2620.0,2665.0,2665.0,14252900
2007-02-23,2680.0,2760.0,2670.0,2745.0,2745.0,22094000
2007-02-26,2760.0,2855.0,2760.0,2815.0,2815.0,19978900
2007-02-27,2835.0,2840.0,2775.0,2790.0,2790.0,14686800
2007-02-28,2710.0,2765.0,2620.0,2760.0,2760.0,40484400
2007-03-01,2760.0,2765.0,2740.0,2760.0,2760.0,49958800
2007-03-02,2735.0,2745.0,2675.0,2680.0,2680.0,16080100
2007-03-05,2600.0,2630.0,2500.0,2535.0,2535.0,16925100
2007-03-06,2535.0,2650.0,2535.0,2590.0,2590.0,17447400
2007-03-07,2670.0,2690.0,2615.0,2630.0,2630.0,15073500
2007-03-08,2615.0,2715.0,2605.0,2710.0,2710.0,10096000
2007-03-09,2750.0,2760.0,2725.0,2730.0,2730.0,15214800
2007-03-12,2770.0,2800.0,2765.0,2785.0,2785.0,14366200
2007-03-13,2785.0,2785.0,2745.0,2745.0,2745.0,6578500
2007-03-14,2665.0,2705.0,2630.0,2640.0,2640.0,11915500
2007-03-15,2660.0,2715.0,2655.0,2690.0,2690.0,11060100
2007-03-16,2695.0,2725.0,2630.0,2685.0,2685.0,10591200
2007-03-19,2645.0,2735.0,2645.0,2725.0,2725.0,6422800
2007-03-20,2740.0,2745.0,2715.0,2725.0,2725.0,7716200
2007-03-22,2760.0,2795.0,2760.0,2785.0,2785.0,11084700
2007-03-23,2795.0,2815.0,2780.0,2800.0,2800.0,13653400
2007-03-26,2800.0,2810.0,2765.0,2785.0,2785.0,7602100
2007-03-27,2760.0,2805.0,2750.0,2765.0,2765.0,7515000
2007-03-28,2765.0,2790.0,2735.0,2760.0,2760.0,6803500
2007-03-29,2720.0,2760.0,2700.0,2745.0,2745.0,6562500
2007-03-30,2765.0,2765.0,2735.0,2735.0,2735.0,3676100
2007-04-02,2750.0,2760.0,2655.0,2655.0,2655.0,6590000
2007-04-03,2695.0,2720.0,2680.0,2705.0,2705.0,8343700
2007-04-04,2750.0,2755.0,2725.0,2740.0,2740.0,7829600
2007-04-05,2745.0,2745.0,2700.0,2720.0,2720.0,5240000
2007-04-06,2705.0,2710.0,2670.0,2690.0,2690.0,3283900
2007-04-09,2700.0,2730.0,2685.0,2715.0,2715.0,4979500
2007-04-10,2690.0,2735.0,2690.0,2715.0,2715.0,4663700
2007-04-11,2745.0,2765.0,2730.0,2750.0,2750.0,10713000
2007-04-12,2730.0,2735.0,2700.0,2710.0,2710.0,6913900
2007-04-13,2715.0,2720.0,2650.0,2650.0,2650.0,7696100
2007-04-16,2690.0,2710.0,2685.0,2695.0,2695.0,6168600
2007-04-17,2720.0,2735.0,2680.0,2710.0,2710.0,7489000
2007-04-18,2675.0,2705.0,2675.0,2685.0,2685.0,6816900
2007-04-19,2680.0,2700.0,2635.0,2655.0,2655.0,7286200
2007-04-20,2630.0,2635.0,2595.0,2605.0,2605.0,7268800
2007-04-23,2625.0,2650.0,2585.0,2600.0,2600.0,5682300
2007-04-24,2585.0,2615.0,2570.0,2600.0,2600.0,5614500
2007-04-25,2580.0,2585.0,2535.0,2545.0,2545.0,5678000
2007-04-26,2545.0,2570.0,2520.0,2555.0,2555.0,9372400
2007-04-27,2565.0,2625.0,2545.0,2565.0,2565.0,8560400
2007-05-01,2595.0,2605.0,2550.0,2550.0,2550.0,6345900
2007-05-02,2560.0,2650.0,2560.0,2630.0,2630.0,9801400
2007-05-07,2710.0,2745.0,2695.0,2725.0,2725.0,11996800
2007-05-08,2720.0,2735.0,2695.0,2710.0,2710.0,7583800
2007-05-09,2715.0,2790.0,2705.0,2785.0,2785.0,14323000
2007-05-10,2790.0,2815.0,2765.0,2790.0,2790.0,18494300
2007-05-11,2780.0,2780.0,2710.0,2735.0,2735.0,13909600
2007-05-14,2775.0,2810.0,2740.0,2750.0,2750.0,10867600
2007-05-15,2730.0,2735.0,2665.0,2700.0,2700.0,6531100
2007-05-16,2735.0,2760.0,2680.0,2700.0,2700.0,7019500
2007-05-17,2705.0,2715.0,2655.0,2670.0,2670.0,5914100
2007-05-18,2685.0,2685.0,2615.0,2635.0,2635.0,5956400
2007-05-21,2660.0,2710.0,2655.0,2710.0,2710.0,6779300
2007-05-22,2710.0,2760.0,2675.0,2750.0,2750.0,8948700
2007-05-23,2725.0,2740.0,2695.0,2710.0,2710.0,6875900
2007-05-24,2715.0,2760.0,2710.0,2740.0,2740.0,8698400
2007-05-25,2685.0,2710.0,2670.0,2700.0,2700.0,7669200
2007-05-28,2755.0,2775.0,2735.0,2760.0,2760.0,8800900
2007-05-29,2730.0,2800.0,2730.0,2790.0,2790.0,10786500
2007-05-30,2820.0,2865.0,2815.0,2830.0,2830.0,33419700
2007-05-31,2905.0,2965.0,2895.0,2965.0,2965.0,31227400
2007-06-01,2995.0,3100.0,2985.0,3080.0,3080.0,41029900
2007-06-04,3100.0,3200.0,3090.0,3130.0,3130.0,26058700
2007-06-05,3150.0,3190.0,3090.0,3110.0,3110.0,17006900
2007-06-06,3090.0,3240.0,3090.0,3220.0,3220.0,19013200
2007-06-07,3180.0,3300.0,3160.0,3260.0,3260.0,22308400
2007-06-08,3270.0,3270.0,3140.0,3170.0,3170.0,21790500
2007-06-11,3200.0,3230.0,3090.0,3140.0,3140.0,13677600
2007-06-12,3180.0,3230.0,3170.0,3190.0,3190.0,12494800
2007-06-13,3100.0,3160.0,3080.0,3130.0,3130.0,9466400
2007-06-14,3170.0,3220.0,3150.0,3170.0,3170.0,7834300
2007-06-15,3240.0,3290.0,3190.0,3280.0,3280.0,11160100
2007-06-18,3310.0,3340.0,3250.0,3270.0,3270.0,13720800
2007-06-19,3250.0,3330.0,3220.0,3240.0,3240.0,13050600
2007-06-20,3280.0,3330.0,3250.0,3250.0,3250.0,9905800
2007-06-21,3210.0,3420.0,3210.0,3400.0,3400.0,20698000
2007-06-22,3370.0,3430.0,3350.0,3430.0,3430.0,18862400
2007-06-25,3390.0,3410.0,3330.0,3350.0,3350.0,11321700
2007-06-26,3300.0,3310.0,3250.0,3270.0,3270.0,12630000
2007-06-27,3250.0,3260.0,3120.0,3130.0,3130.0,19522100
2007-06-28,3150.0,3190.0,3080.0,3160.0,3160.0,17438400
2007-06-29,3170.0,3250.0,3140.0,3230.0,3230.0,9740500
2007-07-02,3240.0,3300.0,3200.0,3290.0,3290.0,11542900
2007-07-03,3250.0,3280.0,3220.0,3250.0,3250.0,6201000
2007-07-04,3270.0,3300.0,3250.0,3270.0,3270.0,5053800
2007-07-05,3280.0,3340.0,3270.0,3290.0,3290.0,7086700
2007-07-06,3290.0,3350.0,3280.0,3320.0,3320.0,10872700
2007-07-09,3360.0,3390.0,3320.0,3370.0,3370.0,10450500
2007-07-10,3360.0,3440.0,3350.0,3400.0,3400.0,13950500
2007-07-11,3360.0,3460.0,3340.0,3430.0,3430.0,12600400
2007-07-12,3460.0,3500.0,3360.0,3400.0,3400.0,13450200
2007-07-13,3500.0,3550.0,3480.0,3540.0,3540.0,12738100
2007-07-17,3530.0,3550.0,3490.0,3550.0,3550.0,10238900
2007-07-18,3560.0,3570.0,3480.0,3490.0,3490.0,10972100
2007-07-19,3520.0,3530.0,3460.0,3500.0,3500.0,5695400
2007-07-20,3500.0,3590.0,3500.0,3570.0,3570.0,10094900
2007-07-23,3530.0,3580.0,3500.0,3550.0,3550.0,6970600
2007-07-24,3630.0,3650.0,3490.0,3530.0,3530.0,9976600
2007-07-25,3460.0,3530.0,3430.0,3530.0,3530.0,6994700
2007-07-26,3440.0,3500.0,3420.0,3440.0,3440.0,6807900
2007-07-27,3290.0,3380.0,3270.0,3300.0,3300.0,14112800
2007-07-30,3260.0,3390.0,3250.0,3370.0,3370.0,8602900
2007-07-31,3420.0,3540.0,3360.0,3540.0,3540.0,17524600
2007-08-01,3460.0,3490.0,3300.0,3340.0,3340.0,12511800
2007-08-02,3420.0,3440.0,3220.0,3350.0,3350.0,11407600
2007-08-03,3400.0,3470.0,3390.0,3420.0,3420.0,9926900
2007-08-06,3320.0,3390.0,3310.0,3370.0,3370.0,6715200
2007-08-07,3380.0,3390.0,3230.0,3230.0,3230.0,9401100
2007-08-08,3230.0,3270.0,3120.0,3150.0,3150.0,10780300
2007-08-09,3240.0,3250.0,3120.0,3170.0,3170.0,12092400
2007-08-10,3040.0,3050.0,2890.0,2950.0,2950.0,17285400
2007-08-13,2990.0,3070.0,2955.0,2965.0,2965.0,17107100
2007-08-14,3010.0,3100.0,3000.0,3090.0,3090.0,14290500
2007-08-15,3020.0,3050.0,2970.0,2985.0,2985.0,12117800
2007-08-16,2925.0,2975.0,2825.0,2960.0,2960.0,13525500
2007-08-17,2880.0,2885.0,2615.0,2635.0,2635.0,16217500
2007-08-20,2850.0,2890.0,2815.0,2815.0,2815.0,14014700
2007-08-21,2910.0,3010.0,2890.0,2955.0,2955.0,18631500
2007-08-22,2940.0,2945.0,2865.0,2900.0,2900.0,10855100
2007-08-23,3080.0,3110.0,3040.0,3110.0,3110.0,13795600
2007-08-24,3070.0,3090.0,3030.0,3070.0,3070.0,7113700
2007-08-27,3120.0,3160.0,2975.0,2995.0,2995.0,12296100
2007-08-28,2960.0,3050.0,2955.0,3020.0,3020.0,7217600
2007-08-29,2890.0,2975.0,2875.0,2970.0,2970.0,11905600
2007-08-30,3060.0,3120.0,3050.0,3080.0,3080.0,12802500
2007-08-31,3130.0,3260.0,3120.0,3260.0,3260.0,12925800
2007-09-03,3230.0,3290.0,3210.0,3230.0,3230.0,7438500
2007-09-04,3210.0,3220.0,3160.0,3170.0,3170.0,5206100
2007-09-05,3220.0,3230.0,3100.0,3120.0,3120.0,7666100
2007-09-06,3060.0,3160.0,3020.0,3160.0,3160.0,13021000
2007-09-07,3150.0,3230.0,3120.0,3160.0,3160.0,9503000
2007-09-10,3010.0,3130.0,3000.0,3100.0,3100.0,10158900
2007-09-11,3100.0,3190.0,3030.0,3150.0,3150.0,9822700
2007-09-12,3200.0,3300.0,3200.0,3230.0,3230.0,18978000
2007-09-13,3330.0,3340.0,3260.0,3300.0,3300.0,16422800
2007-09-14,3330.0,3350.0,3290.0,3350.0,3350.0,13351300
2007-09-18,3320.0,3350.0,3280.0,3280.0,3280.0,7982900
2007-09-19,3380.0,3450.0,3380.0,3440.0,3440.0,11430000
2007-09-20,3470.0,3530.0,3460.0,3500.0,3500.0,13745800
2007-09-21,3490.0,3580.0,3480.0,3560.0,3560.0,11235800
2007-09-25,3580.0,3680.0,3520.0,3680.0,3680.0,15026200
2007-09-26,3650.0,3660.0,3580.0,3610.0,3610.0,13834800
2007-09-27,3640.0,3690.0,3600.0,3660.0,3660.0,12315900
2007-09-28,3630.0,3660.0,3610.0,3640.0,3640.0,7690200
2007-10-01,3620.0,3660.0,3560.0,3600.0,3600.0,13245300
2007-10-02,3650.0,3650.0,3560.0,3580.0,3580.0,8704400
2007-10-03,3530.0,3620.0,3520.0,3620.0,3620.0,7217000
2007-10-04,3590.0,3620.0,3470.0,3490.0,3490.0,11998900
2007-10-05,3480.0,3550.0,3460.0,3490.0,3490.0,9044200
2007-10-09,3460.0,3510.0,3430.0,3470.0,3470.0,8139900
2007-10-10,3540.0,3550.0,3510.0,3520.0,3520.0,7546600
2007-10-11,3540.0,3690.0,3540.0,3670.0,3670.0,14738100
2007-10-12,3700.0,3760.0,3680.0,3760.0,3760.0,18196500
2007-10-15,3800.0,3810.0,3730.0,3750.0,3750.0,11957400
2007-10-16,3760.0,3800.0,3700.0,3700.0,3700.0,9059200
2007-10-17,3750.0,3770.0,3630.0,3690.0,3690.0,14351200
2007-10-18,3740.0,3800.0,3730.0,3780.0,3780.0,12095700
2007-10-19,3800.0,3810.0,3660.0,3680.0,3680.0,10953700
2007-10-22,3530.0,3600.0,3480.0,3570.0,3570.0,11222700
2007-10-23,3580.0,3610.0,3500.0,3540.0,3540.0,7234400
2007-10-24,3590.0,3700.0,3570.0,3610.0,3610.0,10858800
2007-10-25,3620.0,3690.0,3500.0,3500.0,3500.0,10356300
2007-10-26,3570.0,3670.0,3550.0,3640.0,3640.0,9094700
2007-10-29,3730.0,3790.0,3690.0,3750.0,3750.0,10448900
2007-10-30,3750.0,3750.0,3660.0,3700.0,3700.0,7093400
2007-10-31,3630.0,3640.0,3500.0,3550.0,3550.0,13820800
2007-11-01,3620.0,3650.0,3590.0,3630.0,3630.0,9809400
2007-11-02,3550.0,3660.0,3520.0,3610.0,3610.0,11733000
2007-11-05,3590.0,3630.0,3380.0,3400.0,3400.0,11695100
2007-11-06,3300.0,3470.0,3280.0,3390.0,3390.0,15312300
2007-11-07,3470.0,3530.0,3400.0,3440.0,3440.0,12770700
2007-11-08,3390.0,3400.0,3250.0,3290.0,3290.0,14050900
2007-11-09,3310.0,3440.0,3290.0,3320.0,3320.0,15152400
2007-11-12,3220.0,3260.0,3140.0,3220.0,3220.0,13539900
2007-11-13,3190.0,3200.0,3070.0,3100.0,3100.0,12967700
2007-11-14,3200.0,3240.0,3160.0,3210.0,3210.0,9811700
2007-11-15,3250.0,3330.0,3220.0,3240.0,3240.0,10675100
2007-11-16,3170.0,3180.0,3070.0,3110.0,3110.0,9184200
2007-11-19,3120.0,3170.0,2970.0,2970.0,2970.0,14515600
2007-11-20,2850.0,3070.0,2820.0,3070.0,3070.0,25258700
2007-11-21,3020.0,3060.0,2935.0,2940.0,2940.0,21475400
2007-11-22,2900.0,3020.0,2885.0,2975.0,2975.0,19596800
2007-11-26,2985.0,3070.0,2930.0,3020.0,3020.0,16655100
2007-11-27,2920.0,3020.0,2885.0,2975.0,2975.0,14649700
2007-11-28,2980.0,3050.0,2895.0,2905.0,2905.0,15428500
2007-11-29,3030.0,3050.0,2970.0,3050.0,3050.0,14153600
2007-11-30,3030.0,3190.0,3030.0,3180.0,3180.0,15097400
2007-12-03,3220.0,3230.0,3130.0,3150.0,3150.0,10929300
2007-12-04,3160.0,3200.0,3000.0,3020.0,3020.0,11749600
2007-12-05,2980.0,3040.0,2905.0,2975.0,2975.0,15085200
2007-12-06,3060.0,3080.0,2995.0,3060.0,3060.0,9722100
2007-12-07,3130.0,3210.0,3100.0,3140.0,3140.0,12110100
2007-12-10,3190.0,3200.0,3110.0,3140.0,3140.0,9397500
2007-12-11,3220.0,3330.0,3220.0,3330.0,3330.0,16878100
2007-12-12,3280.0,3330.0,3220.0,3320.0,3320.0,18947300
2007-12-13,3330.0,3360.0,3190.0,3200.0,3200.0,14853300
2007-12-14,3200.0,3260.0,3050.0,3080.0,3080.0,18021000
2007-12-17,3050.0,3140.0,2995.0,3020.0,3020.0,9796100
2007-12-18,2950.0,3020.0,2885.0,2970.0,2970.0,17226800
2007-12-19,3000.0,3110.0,2985.0,2995.0,2995.0,13009400
2007-12-20,3070.0,3070.0,2990.0,3030.0,3030.0,6459400
2007-12-21,3040.0,3080.0,3000.0,3080.0,3080.0,8224100
2007-12-25,3160.0,3190.0,3130.0,3190.0,3190.0,6066500
2007-12-26,3160.0,3190.0,3130.0,3190.0,3190.0,4719200
2007-12-27,3180.0,3190.0,3120.0,3130.0,3130.0,5901700
2007-12-28,3090.0,3120.0,3050.0,3060.0,3060.0,4069700
2008-01-04,3010.0,3020.0,2900.0,2955.0,2955.0,9132100
2008-01-07,2910.0,2940.0,2865.0,2905.0,2905.0,12997100
2008-01-08,2885.0,2950.0,2850.0,2950.0,2950.0,15186300
2008-01-09,2890.0,3050.0,2885.0,3030.0,3030.0,17036300
2008-01-10,3000.0,3010.0,2915.0,2920.0,2920.0,13484400
2008-01-11,2915.0,2940.0,2770.0,2805.0,2805.0,16276600
2008-01-15,2805.0,2825.0,2715.0,2735.0,2735.0,12511000
2008-01-16,2600.0,2605.0,2480.0,2505.0,2505.0,20138500
2008-01-17,2580.0,2625.0,2500.0,2605.0,2605.0,21502500
2008-01-18,2515.0,2630.0,2490.0,2615.0,2615.0,24130700
2008-01-21,2570.0,2575.0,2470.0,2495.0,2495.0,20754300
2008-01-22,2365.0,2390.0,2245.0,2245.0,2245.0,20318100
2008-01-23,2445.0,2450.0,2330.0,2400.0,2400.0,23170200
2008-01-24,2520.0,2530.0,2405.0,2495.0,2495.0,21627600
2008-01-25,2575.0,2730.0,2565.0,2705.0,2705.0,25146000
2008-01-28,2680.0,2700.0,2590.0,2635.0,2635.0,21327500
2008-01-29,2750.0,2860.0,2730.0,2820.0,2820.0,22671100
2008-01-30,2830.0,2915.0,2715.0,2740.0,2740.0,21309300
2008-01-31,2700.0,2825.0,2625.0,2780.0,2780.0,20118900
2008-02-01,2780.0,2835.0,2715.0,2720.0,2720.0,10615400
2008-02-04,2860.0,2970.0,2855.0,2965.0,2965.0,26750600
2008-02-05,2970.0,3050.0,2940.0,3020.0,3020.0,20113000
2008-02-06,2895.0,2965.0,2890.0,2915.0,2915.0,20235700
2008-02-07,2920.0,3020.0,2885.0,2990.0,2990.0,20929500
2008-02-08,2995.0,3040.0,2905.0,2940.0,2940.0,19582000
2008-02-12,2955.0,3050.0,2955.0,3020.0,3020.0,13966100
2008-02-13,3100.0,3110.0,2995.0,3010.0,3010.0,12499300
2008-02-14,3130.0,3140.0,3080.0,3130.0,3130.0,10412400
2008-02-15,3140.0,3280.0,3120.0,3260.0,3260.0,13771300
2008-02-18,3250.0,3280.0,3140.0,3150.0,3150.0,16844300
2008-02-19,3250.0,3320.0,3200.0,3290.0,3290.0,14451900
2008-02-20,3340.0,3350.0,3140.0,3140.0,3140.0,18024100
2008-02-21,3200.0,3310.0,3200.0,3290.0,3290.0,11983300
2008-02-22,3260.0,3320.0,3210.0,3280.0,3280.0,8698900
2008-02-25,3330.0,3390.0,3280.0,3390.0,3390.0,12312200
2008-02-26,3440.0,3450.0,3330.0,3340.0,3340.0,11955700
2008-02-27,3410.0,3410.0,3310.0,3330.0,3330.0,8254200
2008-02-28,3270.0,3340.0,3250.0,3340.0,3340.0,8422800
2008-02-29,3240.0,3280.0,3200.0,3270.0,3270.0,10629100
2008-03-03,3110.0,3150.0,3070.0,3070.0,3070.0,12041800
2008-03-04,3160.0,3190.0,3090.0,3170.0,3170.0,14275200
2008-03-05,3180.0,3230.0,3150.0,3220.0,3220.0,14300200
2008-03-06,3310.0,3410.0,3280.0,3350.0,3350.0,18324700
2008-03-07,3250.0,3350.0,3240.0,3300.0,3300.0,12699300
2008-03-10,3270.0,3390.0,3110.0,3160.0,3160.0,20441200
2008-03-11,3010.0,3140.0,3000.0,3120.0,3120.0,17321500
2008-03-12,3280.0,3280.0,3190.0,3230.0,3230.0,12290600
2008-03-13,3180.0,3260.0,3120.0,3200.0,3200.0,14155900
2008-03-14,3290.0,3300.0,3060.0,3130.0,3130.0,20215300
2008-03-17,3080.0,3100.0,2960.0,3020.0,3020.0,14534800
2008-03-18,2990.0,3040.0,2840.0,2910.0,2910.0,18100700
2008-03-19,3020.0,3060.0,2855.0,2915.0,2915.0,16349700
2008-03-21,2830.0,2830.0,2690.0,2745.0,2745.0,21239300
2008-03-24,2715.0,2785.0,2690.0,2700.0,2700.0,21657400
2008-03-25,2755.0,2840.0,2745.0,2815.0,2815.0,17715000
2008-03-26,2865.0,2930.0,2855.0,2905.0,2905.0,15985500
2008-03-27,2900.0,2940.0,2845.0,2875.0,2875.0,21015100
2008-03-28,2915.0,3070.0,2870.0,3020.0,3020.0,19154400
2008-03-31,2985.0,3050.0,2965.0,3010.0,3010.0,19265900
2008-04-01,3020.0,3030.0,2945.0,2970.0,2970.0,20326600
2008-04-02,3050.0,3070.0,2985.0,3020.0,3020.0,10543100
2008-04-03,3070.0,3150.0,3060.0,3150.0,3150.0,18875400
2008-04-04,3200.0,3290.0,3180.0,3250.0,3250.0,17530100
2008-04-07,3360.0,3410.0,3310.0,3390.0,3390.0,16877500
2008-04-08,3370.0,3370.0,3270.0,3310.0,3310.0,11795000
2008-04-09,3320.0,3360.0,3230.0,3290.0,3290.0,11584500
2008-04-10,3270.0,3400.0,3240.0,3360.0,3360.0,15559400
2008-04-11,3450.0,3530.0,3420.0,3530.0,3530.0,21603100
2008-04-14,3450.0,3540.0,3450.0,3510.0,3510.0,13776800
2008-04-15,3590.0,3630.0,3540.0,3590.0,3590.0,18342700
2008-04-16,3620.0,3630.0,3510.0,3510.0,3510.0,14267800
2008-04-17,3570.0,3600.0,3490.0,3500.0,3500.0,14354200
2008-04-18,3490.0,3510.0,3400.0,3460.0,3460.0,10026700
2008-04-21,3460.0,3580.0,3450.0,3500.0,3500.0,17168800
2008-04-22,3460.0,3540.0,3450.0,3490.0,3490.0,9486500
2008-04-23,3530.0,3640.0,3520.0,3600.0,3600.0,15904600
2008-04-24,3650.0,3660.0,3500.0,3540.0,3540.0,23339800
2008-04-25,3490.0,3540.0,3450.0,3510.0,3510.0,12915600
2008-04-28,3530.0,3540.0,3400.0,3450.0,3450.0,10236600
2008-04-30,3450.0,3500.0,3310.0,3340.0,3340.0,22134400
2008-05-01,3320.0,3440.0,3260.0,3300.0,3300.0,14653900
2008-05-02,3330.0,3350.0,3260.0,3280.0,3280.0,13572600
2008-05-07,3430.0,3500.0,3390.0,3500.0,3500.0,16884900
2008-05-08,3550.0,3580.0,3510.0,3560.0,3560.0,16152000
2008-05-09,3600.0,3600.0,3530.0,3550.0,3550.0,13030200
2008-05-12,3510.0,3560.0,3460.0,3540.0,3540.0,7796100
2008-05-13,3570.0,3580.0,3500.0,3570.0,3570.0,8398500
2008-05-14,3530.0,3570.0,3480.0,3560.0,3560.0,11362100
2008-05-15,3550.0,3600.0,3550.0,3570.0,3570.0,7602100
2008-05-16,3620.0,3700.0,3600.0,3690.0,3690.0,16696400
2008-05-19,3780.0,3900.0,3760.0,3870.0,3870.0,22435800
2008-05-20,3880.0,3950.0,3840.0,3930.0,3930.0,16441300
2008-05-21,3860.0,3880.0,3760.0,3810.0,3810.0,16452000
2008-05-22,3760.0,3910.0,3700.0,3910.0,3910.0,15077000
2008-05-23,3860.0,3880.0,3730.0,3730.0,3730.0,16869100
2008-05-26,3680.0,3750.0,3620.0,3640.0,3640.0,13983500
2008-05-27,3670.0,3760.0,3650.0,3750.0,3750.0,9783500
2008-05-28,3650.0,3690.0,3600.0,3620.0,3620.0,11651000
2008-05-29,3620.0,3650.0,3580.0,3610.0,3610.0,12056100
2008-05-30,3590.0,3660.0,3550.0,3640.0,3640.0,12871200
2008-06-02,3700.0,3710.0,3650.0,3670.0,3670.0,9498800
2008-06-03,3670.0,3720.0,3640.0,3680.0,3680.0,10644200
2008-06-04,3660.0,3670.0,3610.0,3640.0,3640.0,7639100
2008-06-05,3590.0,3600.0,3510.0,3530.0,3530.0,11920300
2008-06-06,3640.0,3660.0,3580.0,3620.0,3620.0,12784100
2008-06-09,3600.0,3670.0,3580.0,3610.0,3610.0,9030800
2008-06-10,3580.0,3630.0,3530.0,3540.0,3540.0,8238100
2008-06-11,3560.0,3580.0,3450.0,3490.0,3490.0,8484900
2008-06-12,3440.0,3450.0,3390.0,3410.0,3410.0,9969600
2008-06-13,3430.0,3530.0,3420.0,3470.0,3470.0,15478700
2008-06-16,3520.0,3640.0,3510.0,3630.0,3630.0,11122200
2008-06-17,3660.0,3660.0,3580.0,3610.0,3610.0,9951000
2008-06-18,3580.0,3640.0,3570.0,3620.0,3620.0,7034300
2008-06-19,3580.0,3610.0,3500.0,3540.0,3540.0,9325400
2008-06-20,3520.0,3550.0,3420.0,3460.0,3460.0,7865100
2008-06-23,3360.0,3430.0,3320.0,3420.0,3420.0,8671500
2008-06-24,3430.0,3520.0,3420.0,3490.0,3490.0,6950100
2008-06-25,3470.0,3510.0,3440.0,3510.0,3510.0,6611300
2008-06-26,3500.0,3530.0,3390.0,3420.0,3420.0,10277000
2008-06-27,3330.0,3400.0,3320.0,3390.0,3390.0,10488000
2008-06-30,3470.0,3530.0,3460.0,3500.0,3500.0,13744100
2008-07-01,3530.0,3650.0,3530.0,3620.0,3620.0,14278500
2008-07-02,3600.0,3640.0,3550.0,3610.0,3610.0,11657000
2008-07-03,3480.0,3490.0,3390.0,3450.0,3450.0,15576300
2008-07-04,3470.0,3480.0,3370.0,3400.0,3400.0,11879600
2008-07-07,3380.0,3420.0,3360.0,3360.0,3360.0,6452300
2008-07-08,3360.0,3360.0,3240.0,3260.0,3260.0,9314600
2008-07-09,3260.0,3300.0,3200.0,3200.0,3200.0,10385700
2008-07-10,3150.0,3190.0,3130.0,3180.0,3180.0,7888100
2008-07-11,3240.0,3280.0,3200.0,3220.0,3220.0,8978500
2008-07-14,3190.0,3340.0,3160.0,3280.0,3280.0,10287400
2008-07-15,3260.0,3320.0,3220.0,3270.0,3270.0,9168400
2008-07-16,3210.0,3230.0,3150.0,3190.0,3190.0,9690900
2008-07-17,3220.0,3230.0,3150.0,3150.0,3150.0,8045500
2008-07-18,3180.0,3180.0,3050.0,3070.0,3070.0,11400900
2008-07-22,3140.0,3250.0,3120.0,3230.0,3230.0,10509300
2008-07-23,3190.0,3270.0,3190.0,3240.0,3240.0,5658000
2008-07-24,3250.0,3280.0,3180.0,3210.0,3210.0,12208400
2008-07-25,3150.0,3170.0,3060.0,3060.0,3060.0,13865200
2008-07-28,3120.0,3170.0,3100.0,3140.0,3140.0,9374100
2008-07-29,3150.0,3220.0,3100.0,3210.0,3210.0,12768600
2008-07-30,3230.0,3270.0,3150.0,3260.0,3260.0,8874200
2008-07-31,3330.0,3340.0,3130.0,3170.0,3170.0,16384800
2008-08-01,3160.0,3200.0,3090.0,3140.0,3140.0,8020600
2008-08-04,3130.0,3140.0,2970.0,2970.0,2970.0,11956300
2008-08-05,2895.0,2965.0,2845.0,2920.0,2920.0,13929300
2008-08-06,2980.0,2985.0,2890.0,2955.0,2955.0,9037300
2008-08-07,2980.0,3030.0,2950.0,2965.0,2965.0,12084500
2008-08-08,2970.0,3030.0,2920.0,3020.0,3020.0,8643100
2008-08-11,2980.0,3020.0,2955.0,2965.0,2965.0,8109000
2008-08-12,3010.0,3010.0,2935.0,2940.0,2940.0,7871300
2008-08-13,2900.0,2905.0,2815.0,2820.0,2820.0,10231300
2008-08-14,2850.0,2930.0,2845.0,2855.0,2855.0,16351900
2008-08-15,2830.0,2845.0,2785.0,2790.0,2790.0,10276400
2008-08-18,2750.0,2895.0,2740.0,2885.0,2885.0,15893600
2008-08-19,2865.0,2885.0,2805.0,2810.0,2810.0,7631100
2008-08-20,2845.0,2910.0,2840.0,2890.0,2890.0,14198000
2008-08-21,2970.0,3010.0,2945.0,2955.0,2955.0,14766100
2008-08-22,3030.0,3050.0,3000.0,3050.0,3050.0,9734300
2008-08-25,3000.0,3050.0,2985.0,3030.0,3030.0,7441400
2008-08-26,2940.0,2980.0,2940.0,2965.0,2965.0,7722900
2008-08-27,2960.0,2995.0,2905.0,2920.0,2920.0,9190100
2008-08-28,2945.0,2965.0,2905.0,2935.0,2935.0,6838100
2008-08-29,2945.0,3030.0,2930.0,3030.0,3030.0,7371600
2008-09-01,2950.0,2990.0,2930.0,2945.0,2945.0,7970700
2008-09-02,2905.0,2910.0,2810.0,2825.0,2825.0,13273300
2008-09-03,2800.0,2800.0,2655.0,2695.0,2695.0,18899500
2008-09-04,2680.0,2685.0,2515.0,2555.0,2555.0,29224900
2008-09-05,2450.0,2575.0,2440.0,2555.0,2555.0,22264500
2008-09-08,2675.0,2765.0,2665.0,2745.0,2745.0,19313400
2008-09-09,2665.0,2670.0,2555.0,2590.0,2590.0,17535100
2008-09-10,2455.0,2570.0,2455.0,2520.0,2520.0,20394100
2008-09-11,2555.0,2630.0,2500.0,2525.0,2525.0,20695600
2008-09-12,2565.0,2630.0,2540.0,2610.0,2610.0,23294400
2008-09-16,2450.0,2465.0,2360.0,2400.0,2400.0,19070100
2008-09-17,2420.0,2455.0,2365.0,2385.0,2385.0,16769500
2008-09-18,2345.0,2395.0,2300.0,2380.0,2380.0,16251500
2008-09-19,2500.0,2690.0,2490.0,2665.0,2665.0,18446500
2008-09-22,2860.0,2880.0,2815.0,2840.0,2840.0,20087400
2008-09-24,2680.0,2700.0,2635.0,2685.0,2685.0,22202600
2008-09-25,2535.0,2550.0,2485.0,2505.0,2505.0,21878600
2008-09-26,2505.0,2540.0,2400.0,2440.0,2440.0,17488300
2008-09-29,2400.0,2420.0,2310.0,2320.0,2320.0,19944600
2008-09-30,2120.0,2200.0,2105.0,2155.0,2155.0,31010000
2008-10-01,2235.0,2290.0,2210.0,2240.0,2240.0,19104400
2008-10-02,2215.0,2225.0,2010.0,2045.0,2045.0,28520100
2008-10-03,2005.0,2025.0,1900.0,1938.0,1938.0,29541500
2008-10-06,1908.0,1914.0,1780.0,1827.0,1827.0,22279000
2008-10-07,1677.0,1842.0,1674.0,1807.0,1807.0,23207400
2008-10-08,1725.0,1749.0,1564.0,1587.0,1587.0,21101600
2008-10-09,1610.0,1770.0,1591.0,1667.0,1667.0,24383400
2008-10-10,1487.0,1800.0,1487.0,1720.0,1720.0,30032100
2008-10-14,2020.0,2020.0,1957.0,2020.0,2020.0,14159300
2008-10-15,1990.0,2040.0,1930.0,1977.0,1977.0,19714000
2008-10-16,1781.0,1785.0,1677.0,1677.0,1677.0,19058400
2008-10-17,1718.0,1742.0,1580.0,1670.0,1670.0,24035500
2008-10-20,1700.0,1750.0,1654.0,1741.0,1741.0,14737500
2008-10-21,1855.0,1888.0,1824.0,1848.0,1848.0,14803500
2008-10-22,1780.0,1781.0,1675.0,1684.0,1684.0,13484000
2008-10-23,1534.0,1606.0,1483.0,1600.0,1600.0,22359300
2008-10-24,1530.0,1550.0,1480.0,1488.0,1488.0,15486800
2008-10-27,1468.0,1514.0,1303.0,1325.0,1325.0,18288000
2008-10-28,1305.0,1466.0,1271.0,1445.0,1445.0,19508800
2008-10-29,1625.0,1626.0,1474.0,1530.0,1530.0,17110600
2008-10-30,1600.0,1830.0,1587.0,1804.0,1804.0,25922200
2008-10-31,1774.0,1930.0,1600.0,1603.0,1603.0,37269900
2008-11-04,1663.0,1679.0,1573.0,1606.0,1606.0,23996800
2008-11-05,1679.0,1725.0,1654.0,1716.0,1716.0,25383800
2008-11-06,1596.0,1635.0,1564.0,1598.0,1598.0,22087700
2008-11-07,1460.0,1567.0,1451.0,1527.0,1527.0,13674400
2008-11-10,1580.0,1600.0,1532.0,1550.0,1550.0,12156300
2008-11-11,1540.0,1553.0,1500.0,1509.0,1509.0,9207000
2008-11-12,1419.0,1425.0,1345.0,1387.0,1387.0,29945600
2008-11-13,1300.0,1329.0,1271.0,1277.0,1277.0,26427800
2008-11-14,1350.0,1359.0,1282.0,1291.0,1291.0,18020300
2008-11-17,1290.0,1327.0,1264.0,1270.0,1270.0,16666200
2008-11-18,1250.0,1311.0,1230.0,1231.0,1231.0,23007500
2008-11-19,1201.0,1207.0,1094.0,1118.0,1118.0,30182000
2008-11-20,1001.0,1018.0,946.0,975.0,975.0,53407400
2008-11-21,925.0,1045.0,923.0,1042.0,1042.0,37971900
2008-11-25,1142.0,1142.0,1044.0,1075.0,1075.0,24365000
2008-11-26,1043.0,1081.0,1037.0,1055.0,1055.0,13337100
2008-11-27,1095.0,1152.0,1091.0,1115.0,1115.0,24550600
2008-11-28,1144.0,1217.0,1131.0,1185.0,1185.0,25232200
2008-12-01,1195.0,1227.0,1159.0,1193.0,1193.0,20418200
2008-12-02,1074.0,1105.0,1070.0,1073.0,1073.0,20345400
2008-12-03,1085.0,1094.0,1056.0,1071.0,1071.0,14405500
2008-12-04,1066.0,1080.0,1004.0,1017.0,1017.0,17019900
2008-12-05,1028.0,1045.0,1002.0,1007.0,1007.0,14135900
2008-12-08,1035.0,1103.0,1026.0,1093.0,1093.0,18783200
2008-12-09,1150.0,1164.0,1108.0,1121.0,1121.0,15790900
2008-12-10,1121.0,1159.0,1117.0,1150.0,1150.0,16946500
2008-12-11,1190.0,1268.0,1163.0,1249.0,1249.0,29662300
2008-12-12,1239.0,1290.0,1170.0,1200.0,1200.0,32796400
2008-12-15,1250.0,1274.0,1250.0,1264.0,1264.0,13774600
2008-12-16,1224.0,1262.0,1208.0,1210.0,1210.0,13644100
2008-12-17,1251.0,1252.0,1156.0,1210.0,1210.0,14215100
2008-12-18,1190.0,1210.0,1162.0,1206.0,1206.0,11819700
2008-12-19,1181.0,1196.0,1162.0,1166.0,1166.0,12392000
2008-12-22,1160.0,1181.0,1154.0,1172.0,1172.0,9318800
2008-12-24,1125.0,1138.0,1091.0,1092.0,1092.0,14495600
2008-12-25,1095.0,1146.0,1091.0,1140.0,1140.0,8446200
2008-12-26,1155.0,1185.0,1151.0,1178.0,1178.0,8637500
2008-12-29,1211.0,1218.0,1186.0,1204.0,1204.0,9664400
2008-12-30,1217.0,1252.0,1216.0,1238.0,1238.0,10529900
2009-01-05,1318.0,1379.0,1317.0,1352.0,1352.0,17512400
2009-01-06,1372.0,1375.0,1329.0,1336.0,1336.0,15679900
2009-01-07,1365.0,1438.0,1363.0,1408.0,1408.0,24493500
2009-01-08,1335.0,1350.0,1316.0,1345.0,1345.0,15379200
2009-01-09,1365.0,1375.0,1328.0,1342.0,1342.0,10125000
2009-01-13,1253.0,1255.0,1232.0,1238.0,1238.0,12095300
2009-01-14,1258.0,1288.0,1224.0,1269.0,1269.0,13539700
2009-01-15,1209.0,1235.0,1200.0,1215.0,1215.0,14751600
2009-01-16,1236.0,1260.0,1229.0,1257.0,1257.0,11367100
2009-01-19,1290.0,1322.0,1282.0,1290.0,1290.0,9869000
2009-01-20,1260.0,1269.0,1230.0,1263.0,1263.0,11464500
2009-01-21,1230.0,1239.0,1217.0,1225.0,1225.0,9812700
2009-01-22,1245.0,1258.0,1186.0,1213.0,1213.0,14576300
2009-01-23,1200.0,1205.0,1168.0,1169.0,1169.0,12304900
2009-01-26,1189.0,1194.0,1161.0,1166.0,1166.0,6509900
2009-01-27,1195.0,1266.0,1190.0,1255.0,1255.0,14126600
2009-01-28,1235.0,1298.0,1232.0,1275.0,1275.0,13242500
2009-01-29,1328.0,1332.0,1284.0,1316.0,1316.0,16116100
2009-01-30,1300.0,1310.0,1221.0,1221.0,1221.0,21654300
2009-02-02,1210.0,1248.0,1195.0,1215.0,1215.0,17685000
2009-02-03,1216.0,1274.0,1208.0,1223.0,1223.0,14608800
2009-02-04,1259.0,1319.0,1248.0,1302.0,1302.0,20495000
2009-02-05,1319.0,1372.0,1313.0,1354.0,1354.0,25164200
2009-02-06,1381.0,1391.0,1318.0,1334.0,1334.0,16067900
2009-02-09,1360.0,1387.0,1344.0,1353.0,1353.0,15006500
2009-02-10,1377.0,1384.0,1331.0,1337.0,1337.0,13319100
2009-02-12,1294.0,1326.0,1285.0,1302.0,1302.0,11850800
2009-02-13,1310.0,1323.0,1272.0,1303.0,1303.0,12248100
2009-02-16,1300.0,1305.0,1276.0,1286.0,1286.0,7027100
2009-02-17,1277.0,1293.0,1250.0,1255.0,1255.0,9202900
2009-02-18,1235.0,1242.0,1217.0,1233.0,1233.0,11591200
2009-02-19,1246.0,1261.0,1235.0,1249.0,1249.0,8825200
2009-02-20,1250.0,1259.0,1200.0,1211.0,1211.0,12241600
2009-02-23,1180.0,1205.0,1163.0,1188.0,1188.0,9776800
2009-02-24,1150.0,1181.0,1144.0,1181.0,1181.0,9566000
2009-02-25,1217.0,1222.0,1188.0,1213.0,1213.0,8980100
2009-02-26,1193.0,1230.0,1191.0,1194.0,1194.0,9183100
2009-02-27,1200.0,1246.0,1182.0,1244.0,1244.0,16073700
2009-03-02,1195.0,1210.0,1171.0,1175.0,1175.0,12344200
2009-03-03,1141.0,1160.0,1131.0,1147.0,1147.0,11973300
2009-03-04,1120.0,1135.0,1080.0,1128.0,1128.0,21093500
2009-03-05,1171.0,1193.0,1162.0,1162.0,1162.0,15916700
2009-03-06,1129.0,1140.0,1114.0,1121.0,1121.0,12754100
2009-03-09,1130.0,1158.0,1120.0,1122.0,1122.0,10179900
2009-03-10,1102.0,1122.0,1102.0,1116.0,1116.0,8705400
2009-03-11,1175.0,1175.0,1137.0,1149.0,1149.0,10470400
2009-03-12,1145.0,1145.0,1101.0,1106.0,1106.0,10331200
2009-03-13,1146.0,1149.0,1132.0,1147.0,1147.0,12762400
2009-03-16,1163.0,1185.0,1160.0,1175.0,1175.0,9525600
2009-03-17,1189.0,1205.0,1179.0,1203.0,1203.0,9768300
2009-03-18,1223.0,1251.0,1208.0,1219.0,1219.0,11085700
2009-03-19,1243.0,1244.0,1221.0,1228.0,1228.0,7409100
2009-03-23,1268.0,1329.0,1260.0,1323.0,1323.0,19204300
2009-03-24,1387.0,1388.0,1368.0,1379.0,1379.0,21178400
2009-03-25,1389.0,1402.0,1368.0,1393.0,1393.0,15496900
2009-03-26,1380.0,1400.0,1369.0,1399.0,1399.0,9495500
2009-03-27,1410.0,1429.0,1377.0,1388.0,1388.0,12053700
2009-03-30,1400.0,1405.0,1315.0,1326.0,1326.0,10506700
2009-03-31,1300.0,1326.0,1280.0,1285.0,1285.0,10743900
2009-04-01,1320.0,1374.0,1317.0,1362.0,1362.0,15648900
2009-04-02,1400.0,1415.0,1394.0,1410.0,1410.0,14282800
2009-04-03,1450.0,1483.0,1443.0,1475.0,1475.0,20713900
2009-04-06,1490.0,1521.0,1464.0,1466.0,1466.0,11345900
2009-04-07,1463.0,1488.0,1453.0,1473.0,1473.0,9992300
2009-04-08,1450.0,1455.0,1438.0,1447.0,1447.0,12745100
2009-04-09,1467.0,1513.0,1467.0,1505.0,1505.0,11601900
2009-04-10,1560.0,1568.0,1528.0,1545.0,1545.0,13386000
2009-04-13,1540.0,1633.0,1539.0,1607.0,1607.0,14694700
2009-04-14,1614.0,1640.0,1580.0,1607.0,1607.0,11832700
2009-04-15,1576.0,1630.0,1570.0,1606.0,1606.0,12605800
2009-04-16,1640.0,1670.0,1611.0,1629.0,1629.0,16819000
2009-04-17,1654.0,1682.0,1648.0,1666.0,1666.0,12116900
2009-04-20,1670.0,1688.0,1627.0,1680.0,1680.0,10775700
2009-04-21,1590.0,1603.0,1561.0,1579.0,1579.0,15262700
2009-04-22,1591.0,1597.0,1535.0,1546.0,1546.0,12801100
2009-04-23,1507.0,1561.0,1479.0,1552.0,1552.0,14730400
2009-04-24,1542.0,1564.0,1515.0,1526.0,1526.0,10231900
2009-04-27,1549.0,1562.0,1520.0,1523.0,1523.0,9157900
2009-04-28,1523.0,1540.0,1466.0,1472.0,1472.0,10941000
2009-04-30,1478.0,1512.0,1477.0,1510.0,1510.0,13434800
2009-05-01,1548.0,1603.0,1543.0,1600.0,1600.0,15586900
2009-05-07,1750.0,1750.0,1694.0,1720.0,1720.0,15964700
2009-05-08,1721.0,1724.0,1684.0,1717.0,1717.0,11327300
2009-05-11,1755.0,1798.0,1752.0,1774.0,1774.0,13443400
2009-05-12,1737.0,1753.0,1719.0,1719.0,1719.0,8671700
2009-05-13,1750.0,1762.0,1706.0,1726.0,1726.0,9484500
2009-05-14,1660.0,1661.0,1616.0,1639.0,1639.0,13222300
2009-05-15,1647.0,1677.0,1645.0,1666.0,1666.0,7067800
2009-05-18,1627.0,1629.0,1604.0,1610.0,1610.0,7460900
2009-05-19,1670.0,1671.0,1641.0,1661.0,1661.0,8270400
2009-05-20,1721.0,1772.0,1706.0,1744.0,1744.0,19518700
2009-05-21,1760.0,1769.0,1731.0,1740.0,1740.0,10591400
2009-05-22,1700.0,1746.0,1697.0,1728.0,1728.0,8983000
2009-05-25,1740.0,1772.0,1738.0,1750.0,1750.0,8597200
2009-05-26,1760.0,1760.0,1726.0,1741.0,1741.0,7343100
2009-05-27,1775.0,1777.0,1749.0,1760.0,1760.0,7219400
2009-05-28,1751.0,1770.0,1748.0,1767.0,1767.0,7040300
2009-05-29,1786.0,1810.0,1773.0,1799.0,1799.0,14661700
2009-06-01,1817.0,1920.0,1814.0,1899.0,1899.0,19839500
2009-06-02,1959.0,1984.0,1870.0,1870.0,1870.0,20659400
2009-06-03,1889.0,1919.0,1872.0,1889.0,1889.0,9569400
2009-06-04,1860.0,1899.0,1860.0,1865.0,1865.0,9241600
2009-06-05,1919.0,1931.0,1895.0,1908.0,1908.0,7766500
2009-06-08,1927.0,1933.0,1900.0,1919.0,1919.0,6901100
2009-06-09,1900.0,1921.0,1874.0,1876.0,1876.0,8628300
2009-06-10,1910.0,1999.0,1908.0,1995.0,1995.0,22098800
2009-06-11,2000.0,2020.0,1967.0,2005.0,2005.0,16595800
2009-06-12,2035.0,2035.0,1998.0,2020.0,2020.0,14294700
2009-06-15,2025.0,2030.0,1965.0,1981.0,1981.0,8239800
2009-06-16,1921.0,1940.0,1864.0,1881.0,1881.0,13909000
2009-06-17,1855.0,1905.0,1843.0,1872.0,1872.0,12714200
2009-06-18,1820.0,1820.0,1762.0,1793.0,1793.0,15825000
2009-06-19,1820.0,1849.0,1805.0,1826.0,1826.0,9888800
2009-06-22,1822.0,1825.0,1782.0,1810.0,1810.0,8284600
2009-06-23,1720.0,1726.0,1706.0,1714.0,1714.0,16438600
2009-06-24,1726.0,1768.0,1717.0,1740.0,1740.0,9857700
2009-06-25,1775.0,1834.0,1767.0,1817.0,1817.0,14598100
2009-06-26,1840.0,1851.0,1787.0,1814.0,1814.0,12133800
2009-06-29,1784.0,1801.0,1750.0,1759.0,1759.0,9802900
2009-06-30,1800.0,1810.0,1782.0,1788.0,1788.0,7875200
2009-07-01,1777.0,1787.0,1755.0,1769.0,1769.0,8451500
2009-07-02,1796.0,1796.0,1755.0,1757.0,1757.0,6534900
2009-07-03,1711.0,1734.0,1707.0,1733.0,1733.0,9610800
2009-07-06,1725.0,1725.0,1682.0,1695.0,1695.0,9029900
2009-07-07,1695.0,1699.0,1661.0,1678.0,1678.0,11648100
2009-07-08,1640.0,1651.0,1615.0,1628.0,1628.0,11954400
2009-07-09,1600.0,1646.0,1585.0,1604.0,1604.0,11623700
2009-07-10,1627.0,1641.0,1585.0,1592.0,1592.0,8837400
2009-07-13,1555.0,1624.0,1552.0,1563.0,1563.0,14099300
2009-07-14,1611.0,1644.0,1596.0,1623.0,1623.0,13936400
2009-07-15,1650.0,1658.0,1619.0,1620.0,1620.0,8544000
2009-07-16,1700.0,1719.0,1681.0,1695.0,1695.0,15601300
2009-07-17,1723.0,1728.0,1693.0,1700.0,1700.0,8025200
2009-07-21,1750.0,1794.0,1750.0,1793.0,1793.0,18321000
2009-07-22,1784.0,1788.0,1754.0,1778.0,1778.0,8159000
2009-07-23,1775.0,1783.0,1755.0,1771.0,1771.0,7153100
2009-07-24,1810.0,1829.0,1800.0,1822.0,1822.0,13007800
2009-07-27,1834.0,1844.0,1804.0,1816.0,1816.0,8300800
2009-07-28,1810.0,1828.0,1801.0,1821.0,1821.0,5296700
2009-07-29,1799.0,1836.0,1795.0,1823.0,1823.0,7422900
2009-07-30,1806.0,1816.0,1772.0,1815.0,1815.0,9712400
2009-07-31,1842.0,1899.0,1827.0,1890.0,1890.0,18063700
2009-08-03,1920.0,1923.0,1899.0,1916.0,1916.0,10529900
2009-08-04,1975.0,1984.0,1950.0,1956.0,1956.0,16230700
2009-08-05,1975.0,1982.0,1929.0,1931.0,1931.0,8497500
2009-08-06,1931.0,1961.0,1925.0,1935.0,1935.0,6414900
2009-08-07,1945.0,1945.0,1903.0,1938.0,1938.0,6491700
2009-08-10,1983.0,1993.0,1972.0,1989.0,1989.0,10586900
2009-08-11,1961.0,1985.0,1955.0,1973.0,1973.0,5043800
2009-08-12,1947.0,1950.0,1920.0,1922.0,1922.0,7764300
2009-08-13,1939.0,1943.0,1922.0,1930.0,1930.0,5964800
2009-08-14,1950.0,1998.0,1938.0,1994.0,1994.0,13884100
2009-08-17,1964.0,1974.0,1922.0,1922.0,1922.0,9623900
2009-08-18,1862.0,1888.0,1856.0,1865.0,1865.0,18999900
2009-08-19,1895.0,1908.0,1870.0,1873.0,1873.0,8947900
2009-08-20,1897.0,1909.0,1878.0,1886.0,1886.0,7434300
2009-08-21,1893.0,1895.0,1819.0,1843.0,1843.0,11881100
2009-08-24,1900.0,1918.0,1894.0,1914.0,1914.0,9549300
2009-08-25,1915.0,1949.0,1912.0,1925.0,1925.0,12201500
2009-08-26,1930.0,1932.0,1901.0,1923.0,1923.0,8057800
2009-08-27,1901.0,1906.0,1859.0,1882.0,1882.0,9339300
2009-08-28,1893.0,1896.0,1869.0,1884.0,1884.0,5653900
2009-08-31,1904.0,1935.0,1864.0,1885.0,1885.0,9304500
2009-09-01,1865.0,1880.0,1851.0,1876.0,1876.0,7025500
2009-09-02,1825.0,1838.0,1823.0,1831.0,1831.0,8278100
2009-09-03,1829.0,1859.0,1816.0,1852.0,1852.0,10508100
2009-09-04,1859.0,1872.0,1836.0,1845.0,1845.0,7860600
2009-09-07,1873.0,1898.0,1861.0,1896.0,1896.0,6419100
2009-09-08,1891.0,1893.0,1869.0,1876.0,1876.0,5098400
2009-09-09,1900.0,1908.0,1880.0,1905.0,1905.0,9562000
2009-09-10,1913.0,1932.0,1913.0,1930.0,1930.0,7787100
2009-09-11,1949.0,1949.0,1916.0,1924.0,1924.0,11297300
2009-09-14,1909.0,1922.0,1895.0,1899.0,1899.0,6718400
2009-09-15,1913.0,1927.0,1906.0,1915.0,1915.0,4984200
2009-09-16,1925.0,1957.0,1920.0,1926.0,1926.0,11093500
2009-09-17,1960.0,1987.0,1957.0,1980.0,1980.0,14084000
2009-09-18,1973.0,1994.0,1937.0,1964.0,1964.0,11333700
2009-09-24,1950.0,1967.0,1940.0,1963.0,1963.0,9911200
2009-09-25,1920.0,1921.0,1882.0,1885.0,1885.0,9021200
2009-09-28,1825.0,1826.0,1783.0,1790.0,1790.0,11608000
2009-09-29,1824.0,1840.0,1804.0,1821.0,1821.0,7106900
2009-09-30,1808.0,1816.0,1793.0,1816.0,1816.0,5075200
2009-10-01,1830.0,1844.0,1801.0,1810.0,1810.0,5417700
2009-10-02,1790.0,1790.0,1770.0,1777.0,1777.0,8318100
2009-10-05,1750.0,1765.0,1725.0,1726.0,1726.0,5830000
2009-10-06,1746.0,1763.0,1730.0,1761.0,1761.0,6249700
2009-10-07,1830.0,1863.0,1823.0,1861.0,1861.0,12639900
2009-10-08,1860.0,1898.0,1842.0,1889.0,1889.0,9049300
2009-10-09,1907.0,1920.0,1893.0,1909.0,1909.0,7758800
2009-10-13,1933.0,1943.0,1920.0,1929.0,1929.0,6808800
2009-10-14,1950.0,1958.0,1924.0,1941.0,1941.0,7280000
2009-10-15,1970.0,1997.0,1968.0,1994.0,1994.0,14040000
2009-10-16,2000.0,2005.0,1976.0,1985.0,1985.0,10191900
2009-10-19,1988.0,1998.0,1948.0,1984.0,1984.0,7430100
2009-10-20,2015.0,2045.0,2010.0,2040.0,2040.0,16587500
2009-10-21,2005.0,2075.0,2000.0,2055.0,2055.0,13189300
2009-10-22,2055.0,2085.0,2035.0,2085.0,2085.0,12367800
2009-10-23,2095.0,2105.0,2070.0,2070.0,2070.0,9685600
2009-10-26,2065.0,2090.0,2030.0,2075.0,2075.0,6441700
2009-10-27,2030.0,2035.0,1958.0,1962.0,1962.0,16149900
2009-10-28,1962.0,1984.0,1939.0,1950.0,1950.0,8347200
2009-10-29,1871.0,1937.0,1867.0,1909.0,1909.0,13956900
2009-10-30,1969.0,1996.0,1954.0,1977.0,1977.0,11157100
2009-11-02,1893.0,1921.0,1885.0,1915.0,1915.0,7913000
2009-11-04,1915.0,1967.0,1900.0,1942.0,1942.0,7402600
2009-11-05,1964.0,1983.0,1959.0,1975.0,1975.0,7578200
2009-11-06,1990.0,1995.0,1970.0,1970.0,1970.0,6675800
2009-11-09,1975.0,2000.0,1951.0,1989.0,1989.0,5875300
2009-11-10,2010.0,2030.0,1994.0,1995.0,1995.0,6812900
2009-11-11,2000.0,2005.0,1978.0,1983.0,1983.0,5071200
2009-11-12,1995.0,2025.0,1993.0,2000.0,2000.0,7171100
2009-11-13,2005.0,2015.0,1987.0,2005.0,2005.0,7689400
2009-11-16,2000.0,2025.0,1963.0,1969.0,1969.0,9797600
2009-11-17,2005.0,2010.0,1974.0,1982.0,1982.0,8618200
2009-11-18,1970.0,1975.0,1933.0,1940.0,1940.0,7708700
2009-11-19,1940.0,1951.0,1882.0,1905.0,1905.0,10291400
2009-11-20,1875.0,1908.0,1873.0,1899.0,1899.0,5748500
2009-11-24,1905.0,1937.0,1891.0,1891.0,1891.0,8151600
2009-11-25,1871.0,1935.0,1870.0,1934.0,1934.0,6506500
2009-11-26,1927.0,1975.0,1927.0,1953.0,1953.0,8416100
2009-11-27,1904.0,1914.0,1873.0,1879.0,1879.0,10090200
2009-11-30,1909.0,1970.0,1906.0,1950.0,1950.0,14883900
2009-12-01,1944.0,2005.0,1940.0,2005.0,2005.0,11462800
2009-12-02,2030.0,2055.0,2020.0,2050.0,2050.0,9861200
2009-12-03,2090.0,2145.0,2090.0,2125.0,2125.0,14285700
2009-12-04,2155.0,2180.0,2130.0,2175.0,2175.0,12160000
2009-12-07,2225.0,2255.0,2215.0,2225.0,2225.0,14301100
2009-12-08,2185.0,2255.0,2180.0,2235.0,2235.0,9153100
2009-12-09,2190.0,2200.0,2160.0,2200.0,2200.0,8155000
2009-12-10,2175.0,2225.0,2140.0,2155.0,2155.0,9062400
2009-12-11,2195.0,2280.0,2190.0,2270.0,2270.0,16018700
2009-12-14,2305.0,2310.0,2225.0,2255.0,2255.0,9362800
2009-12-15,2225.0,2260.0,2220.0,2245.0,2245.0,7033500
2009-12-16,2275.0,2290.0,2225.0,2245.0,2245.0,5931400
2009-12-17,2230.0,2285.0,2220.0,2225.0,2225.0,9096800
2009-12-18,2195.0,2205.0,2140.0,2140.0,2140.0,13971300
2009-12-21,2165.0,2170.0,2130.0,2135.0,2135.0,4833400
2009-12-22,2160.0,2190.0,2150.0,2180.0,2180.0,6799300
2009-12-24,2250.0,2295.0,2245.0,2290.0,2290.0,14497800
2009-12-25,2300.0,2310.0,2260.0,2270.0,2270.0,7133100
2009-12-28,2270.0,2290.0,2255.0,2280.0,2280.0,6158300
2009-12-29,2300.0,2325.0,2290.0,2315.0,2315.0,8552600
2009-12-30,2330.0,2355.0,2305.0,2305.0,2305.0,8579400
2010-01-04,2325.0,2336.0,2317.0,2318.0,2318.0,3936000
2010-01-05,2380.0,2424.0,2372.0,2376.0,2376.0,11837500
2010-01-06,2400.0,2450.0,2383.0,2428.0,2428.0,11780400
2010-01-07,2463.0,2474.0,2413.0,2427.0,2427.0,11666000
2010-01-08,2410.0,2447.0,2395.0,2430.0,2430.0,10496100
2010-01-12,2458.0,2494.0,2451.0,2478.0,2478.0,10760800
2010-01-13,2430.0,2458.0,2389.0,2390.0,2390.0,11873300
2010-01-14,2372.0,2498.0,2370.0,2494.0,2494.0,13290100
2010-01-15,2500.0,2542.0,2488.0,2524.0,2524.0,13367400
2010-01-18,2474.0,2491.0,2451.0,2453.0,2453.0,9733900
2010-01-19,2450.0,2452.0,2402.0,2404.0,2404.0,8395100
2010-01-20,2422.0,2459.0,2355.0,2368.0,2368.0,8692900
2010-01-21,2368.0,2418.0,2345.0,2400.0,2400.0,11717000
2010-01-22,2300.0,2308.0,2277.0,2292.0,2292.0,18728800
2010-01-25,2242.0,2282.0,2236.0,2267.0,2267.0,11234800
2010-01-26,2265.0,2301.0,2232.0,2233.0,2233.0,10093300
2010-01-27,2235.0,2264.0,2198.0,2203.0,2203.0,10244800
2010-01-28,2216.0,2244.0,2204.0,2204.0,2204.0,10062100
2010-01-29,2240.0,2242.0,2175.0,2187.0,2187.0,13957500
2010-02-01,2140.0,2156.0,2105.0,2140.0,2140.0,11954100
2010-02-02,2220.0,2270.0,2206.0,2249.0,2249.0,13579600
2010-02-03,2291.0,2298.0,2233.0,2250.0,2250.0,8298800
2010-02-04,2250.0,2259.0,2154.0,2190.0,2190.0,9334300
2010-02-05,2086.0,2130.0,2082.0,2118.0,2118.0,10701300
2010-02-08,2100.0,2136.0,2081.0,2097.0,2097.0,7161900
2010-02-09,2102.0,2140.0,2092.0,2136.0,2136.0,9406100
2010-02-10,2171.0,2199.0,2151.0,2155.0,2155.0,9157800
2010-02-12,2242.0,2244.0,2209.0,2225.0,2225.0,9251500
2010-02-15,2208.0,2220.0,2185.0,2192.0,2192.0,6365400
2010-02-16,2193.0,2214.0,2179.0,2205.0,2205.0,4884400
2010-02-17,2254.0,2286.0,2251.0,2279.0,2279.0,8874200
2010-02-18,2290.0,2295.0,2239.0,2250.0,2250.0,6435600
2010-02-19,2266.0,2267.0,2200.0,2212.0,2212.0,9230400
2010-02-22,2258.0,2289.0,2254.0,2282.0,2282.0,7349200
2010-02-23,2262.0,2270.0,2242.0,2262.0,2262.0,5994700
2010-02-24,2218.0,2233.0,2210.0,2220.0,2220.0,7053100
2010-02-25,2237.0,2245.0,2201.0,2210.0,2210.0,6109400
2010-02-26,2195.0,2228.0,2188.0,2220.0,2220.0,5938700
2010-03-01,2222.0,2253.0,2211.0,2240.0,2240.0,6781300
2010-03-02,2231.0,2248.0,2217.0,2248.0,2248.0,6310300
2010-03-03,2251.0,2303.0,2244.0,2295.0,2295.0,11762400
2010-03-04,2291.0,2301.0,2256.0,2257.0,2257.0,9103800
2010-03-05,2289.0,2300.0,2276.0,2287.0,2287.0,8805400
2010-03-08,2344.0,2346.0,2327.0,2346.0,2346.0,10911500
2010-03-09,2341.0,2345.0,2329.0,2341.0,2341.0,5753900
2010-03-10,2346.0,2353.0,2330.0,2335.0,2335.0,5421200
2010-03-11,2350.0,2373.0,2334.0,2347.0,2347.0,7488500
2010-03-12,2370.0,2370.0,2342.0,2351.0,2351.0,9444300
2010-03-15,2369.0,2372.0,2326.0,2338.0,2338.0,5612000
2010-03-16,2325.0,2340.0,2310.0,2317.0,2317.0,5029500
2010-03-17,2339.0,2350.0,2322.0,2347.0,2347.0,5529600
2010-03-18,2360.0,2366.0,2340.0,2342.0,2342.0,4738700
2010-03-19,2357.0,2363.0,2342.0,2347.0,2347.0,4191500
2010-03-23,2346.0,2356.0,2326.0,2330.0,2330.0,5118400
2010-03-24,2330.0,2345.0,2325.0,2336.0,2336.0,5207100
2010-03-25,2350.0,2352.0,2332.0,2345.0,2345.0,5517800
2010-03-26,2348.0,2364.0,2339.0,2361.0,2361.0,5536400
2010-03-29,2341.0,2370.0,2331.0,2370.0,2370.0,3822400
2010-03-30,2403.0,2465.0,2403.0,2462.0,2462.0,14341100
2010-03-31,2472.0,2479.0,2441.0,2450.0,2450.0,8819100
2010-04-01,2479.0,2491.0,2471.0,2487.0,2487.0,10384700
2010-04-02,2495.0,2499.0,2477.0,2477.0,2477.0,6737400
2010-04-05,2490.0,2492.0,2472.0,2488.0,2488.0,4835400
2010-04-06,2489.0,2490.0,2449.0,2462.0,2462.0,7903300
2010-04-07,2452.0,2482.0,2442.0,2468.0,2468.0,6131600
2010-04-08,2446.0,2468.0,2446.0,2451.0,2451.0,6774500
2010-04-09,2438.0,2458.0,2438.0,2442.0,2442.0,5426900
2010-04-12,2469.0,2500.0,2462.0,2480.0,2480.0,10054400
2010-04-13,2482.0,2495.0,2465.0,2479.0,2479.0,7311600
2010-04-14,2489.0,2496.0,2450.0,2464.0,2464.0,6421100
2010-04-15,2492.0,2494.0,2468.0,2472.0,2472.0,6669900
2010-04-16,2462.0,2464.0,2421.0,2430.0,2430.0,7398600
2010-04-19,2380.0,2395.0,2373.0,2374.0,2374.0,5824300
2010-04-20,2385.0,2387.0,2327.0,2331.0,2331.0,7049200
2010-04-21,2379.0,2380.0,2342.0,2346.0,2346.0,6463900
2010-04-22,2314.0,2322.0,2298.0,2309.0,2309.0,7349500
2010-04-23,2295.0,2323.0,2285.0,2297.0,2297.0,8194400
2010-04-26,2282.0,2325.0,2278.0,2310.0,2310.0,9069000
2010-04-27,2290.0,2303.0,2285.0,2302.0,2302.0,5874300
2010-04-28,2255.0,2265.0,2250.0,2262.0,2262.0,8224400
2010-04-30,2300.0,2303.0,2234.0,2244.0,2244.0,9804600
2010-05-06,2139.0,2142.0,2117.0,2123.0,2123.0,17436700
2010-05-07,2017.0,2120.0,2007.0,2081.0,2081.0,22939000
2010-05-10,2080.0,2130.0,2071.0,2129.0,2129.0,9126000
2010-05-11,2160.0,2163.0,2067.0,2075.0,2075.0,11855300
2010-05-12,2099.0,2124.0,2088.0,2103.0,2103.0,7717900
2010-05-13,2140.0,2147.0,2122.0,2142.0,2142.0,4907700
2010-05-14,2120.0,2155.0,2096.0,2135.0,2135.0,7153600
2010-05-17,2100.0,2109.0,2037.0,2063.0,2063.0,8086500
2010-05-18,2056.0,2060.0,2015.0,2031.0,2031.0,9768900
2010-05-19,2008.0,2043.0,2000.0,2036.0,2036.0,6144800
2010-05-20,2021.0,2056.0,2005.0,2011.0,2011.0,6095800
2010-05-21,1950.0,1991.0,1940.0,1982.0,1982.0,10634200
2010-05-24,1952.0,1978.0,1930.0,1962.0,1962.0,10471700
2010-05-25,1946.0,1955.0,1906.0,1914.0,1914.0,9421200
2010-05-26,1947.0,1982.0,1918.0,1973.0,1973.0,13648700
2010-05-27,1960.0,2046.0,1954.0,2046.0,2046.0,12240700
2010-05-28,2096.0,2100.0,2053.0,2074.0,2074.0,9302000
2010-05-31,2060.0,2073.0,2028.0,2052.0,2052.0,6481800
2010-06-01,2049.0,2051.0,2010.0,2032.0,2032.0,5601200
2010-06-02,1987.0,2009.0,1947.0,1954.0,1954.0,17212300
2010-06-03,1975.0,1987.0,1958.0,1982.0,1982.0,16558400
2010-06-04,1987.0,2015.0,1965.0,1970.0,1970.0,9559500
2010-06-07,1906.0,1908.0,1859.0,1864.0,1864.0,17005800
2010-06-08,1855.0,1894.0,1851.0,1866.0,1866.0,9539300
2010-06-09,1870.0,1874.0,1826.0,1842.0,1842.0,8862700
2010-06-10,1860.0,1886.0,1834.0,1886.0,1886.0,10105300
2010-06-11,1926.0,1933.0,1887.0,1898.0,1898.0,15081800
2010-06-14,1920.0,1927.0,1901.0,1919.0,1919.0,5395400
2010-06-15,1910.0,1910.0,1880.0,1888.0,1888.0,7272800
2010-06-16,1928.0,1943.0,1915.0,1931.0,1931.0,10065700
2010-06-17,1931.0,1945.0,1916.0,1920.0,1920.0,6765800
2010-06-18,1921.0,1928.0,1903.0,1907.0,1907.0,4620100
2010-06-21,1950.0,2038.0,1950.0,2033.0,2033.0,16198600
2010-06-22,2005.0,2070.0,2005.0,2021.0,2021.0,13423800
2010-06-23,1971.0,2010.0,1971.0,1990.0,1990.0,7559200
2010-06-24,2030.0,2041.0,2005.0,2006.0,2006.0,8706400
2010-06-25,1975.0,1978.0,1950.0,1960.0,1960.0,8232100
2010-06-28,1954.0,1958.0,1915.0,1919.0,1919.0,7180800
2010-06-29,1920.0,1946.0,1894.0,1901.0,1901.0,7124600
2010-06-30,1860.0,1872.0,1837.0,1864.0,1864.0,9891600
2010-07-01,1864.0,1877.0,1830.0,1869.0,1869.0,11718600
2010-07-02,1869.0,1874.0,1820.0,1826.0,1826.0,10039000
2010-07-05,1832.0,1845.0,1824.0,1845.0,1845.0,5214800
2010-07-06,1829.0,1905.0,1821.0,1905.0,1905.0,8921300
2010-07-07,1884.0,1916.0,1881.0,1902.0,1902.0,7502800
2010-07-08,1975.0,1978.0,1945.0,1951.0,1951.0,6922900
2010-07-09,1960.0,1973.0,1936.0,1972.0,1972.0,7487600
2010-07-12,1963.0,2008.0,1962.0,1972.0,1972.0,5351500
2010-07-13,1985.0,1990.0,1950.0,1957.0,1957.0,5693900
2010-07-14,2000.0,2006.0,1990.0,2000.0,2000.0,6202400
2010-07-15,1980.0,1994.0,1957.0,1963.0,1963.0,4681000
2010-07-16,1960.0,1984.0,1919.0,1928.0,1928.0,6097300
2010-07-20,1851.0,1879.0,1846.0,1873.0,1873.0,12815600
2010-07-21,1890.0,1893.0,1847.0,1854.0,1854.0,8175300
2010-07-22,1835.0,1839.0,1802.0,1823.0,1823.0,13220300
2010-07-23,1879.0,1916.0,1858.0,1893.0,1893.0,12129300
2010-07-26,1889.0,1914.0,1875.0,1877.0,1877.0,6972200
2010-07-27,1888.0,1889.0,1852.0,1856.0,1856.0,6694000
2010-07-28,1871.0,1924.0,1866.0,1916.0,1916.0,8807500
2010-07-29,1880.0,1912.0,1877.0,1894.0,1894.0,5413100
2010-07-30,1883.0,1903.0,1865.0,1869.0,1869.0,9207800
2010-08-02,1870.0,1903.0,1857.0,1884.0,1884.0,6236800
2010-08-03,1942.0,1983.0,1941.0,1973.0,1973.0,15696100
2010-08-04,1960.0,1977.0,1943.0,1957.0,1957.0,7931100
2010-08-05,1983.0,2000.0,1968.0,1983.0,1983.0,8192800
2010-08-06,1963.0,1993.0,1959.0,1966.0,1966.0,5066600
2010-08-09,1935.0,1955.0,1930.0,1943.0,1943.0,4805100
2010-08-10,1947.0,1955.0,1911.0,1926.0,1926.0,6676400
2010-08-11,1900.0,1903.0,1863.0,1873.0,1873.0,7361800
2010-08-12,1833.0,1858.0,1825.0,1858.0,1858.0,9117900
2010-08-13,1833.0,1859.0,1822.0,1856.0,1856.0,13385700
2010-08-16,1830.0,1839.0,1810.0,1836.0,1836.0,6944400
2010-08-17,1820.0,1853.0,1818.0,1840.0,1840.0,6583400
2010-08-18,1880.0,1897.0,1865.0,1885.0,1885.0,9961500
2010-08-19,1886.0,1923.0,1885.0,1923.0,1923.0,6793600
2010-08-20,1891.0,1911.0,1880.0,1889.0,1889.0,5278300
2010-08-23,1875.0,1889.0,1862.0,1870.0,1870.0,4366700
2010-08-24,1848.0,1851.0,1835.0,1843.0,1843.0,5643900
2010-08-25,1826.0,1853.0,1817.0,1826.0,1826.0,6582900
2010-08-26,1830.0,1834.0,1798.0,1814.0,1814.0,10696300
2010-08-27,1795.0,1837.0,1788.0,1829.0,1829.0,7890900
2010-08-30,1856.0,1890.0,1850.0,1859.0,1859.0,8583900
2010-08-31,1824.0,1828.0,1797.0,1800.0,1800.0,10783400
2010-09-01,1788.0,1814.0,1784.0,1808.0,1808.0,7590500
2010-09-02,1846.0,1851.0,1810.0,1828.0,1828.0,6399000
2010-09-03,1843.0,1862.0,1835.0,1847.0,1847.0,6358700
2010-09-06,1876.0,1918.0,1870.0,1915.0,1915.0,9470800
2010-09-07,1900.0,1916.0,1887.0,1892.0,1892.0,5614900
2010-09-08,1853.0,1865.0,1833.0,1840.0,1840.0,7463900
2010-09-09,1877.0,1887.0,1864.0,1877.0,1877.0,5688000
2010-09-10,1881.0,1897.0,1872.0,1877.0,1877.0,8960900
2010-09-13,1894.0,1900.0,1871.0,1883.0,1883.0,7186900
2010-09-14,1889.0,1924.0,1887.0,1902.0,1902.0,9808800
2010-09-15,1891.0,1945.0,1873.0,1925.0,1925.0,9635300
2010-09-16,1950.0,1950.0,1918.0,1925.0,1925.0,5819900
2010-09-17,1939.0,1959.0,1933.0,1955.0,1955.0,7185700
2010-09-21,1980.0,1983.0,1950.0,1952.0,1952.0,6517900
2010-09-22,1948.0,1959.0,1929.0,1937.0,1937.0,6334600
2010-09-24,1900.0,1946.0,1895.0,1915.0,1915.0,7422700
2010-09-27,1949.0,1980.0,1935.0,1977.0,1977.0,9349200
2010-09-28,1969.0,1998.0,1964.0,1983.0,1983.0,9710000
2010-09-29,1984.0,2029.0,1984.0,2018.0,2018.0,11380100
2010-09-30,2026.0,2034.0,1978.0,1981.0,1981.0,8070100
2010-10-01,1994.0,1995.0,1946.0,1967.0,1967.0,8110700
2010-10-04,1965.0,1992.0,1960.0,1963.0,1963.0,6688300
2010-10-05,1963.0,1983.0,1940.0,1976.0,1976.0,8473200
2010-10-06,2010.0,2038.0,2006.0,2022.0,2022.0,12965400
2010-10-07,2026.0,2048.0,2018.0,2029.0,2029.0,8932700
2010-10-08,2029.0,2045.0,2006.0,2036.0,2036.0,8268000
2010-10-12,2080.0,2083.0,2026.0,2046.0,2046.0,13340100
2010-10-13,2052.0,2075.0,2048.0,2048.0,2048.0,7697400
2010-10-14,2080.0,2119.0,2077.0,2111.0,2111.0,13583400
2010-10-15,2095.0,2114.0,2083.0,2088.0,2088.0,8535800
2010-10-18,2091.0,2110.0,2060.0,2068.0,2068.0,6795400
2010-10-19,2065.0,2085.0,2033.0,2050.0,2050.0,6934400
2010-10-20,1977.0,2002.0,1960.0,2000.0,2000.0,14986500
2010-10-21,2015.0,2019.0,1981.0,1986.0,1986.0,8519300
2010-10-22,1967.0,1995.0,1966.0,1985.0,1985.0,6726500
2010-10-25,1980.0,2007.0,1967.0,1996.0,1996.0,6128400
2010-10-26,1975.0,1992.0,1971.0,1973.0,1973.0,5803900
2010-10-27,1998.0,2003.0,1962.0,1967.0,1967.0,9049100
2010-10-28,1960.0,1972.0,1951.0,1960.0,1960.0,5732300
2010-10-29,1963.0,1976.0,1923.0,1935.0,1935.0,8493900
2010-11-01,1920.0,1956.0,1918.0,1938.0,1938.0,5339300
2010-11-02,1951.0,1969.0,1937.0,1965.0,1965.0,8878000
2010-11-04,1985.0,2033.0,1984.0,2025.0,2025.0,13827500
2010-11-05,2080.0,2103.0,2079.0,2086.0,2086.0,19049600
2010-11-08,2099.0,2110.0,2083.0,2095.0,2095.0,10079000
2010-11-09,2082.0,2102.0,2081.0,2087.0,2087.0,7773800
2010-11-10,2104.0,2138.0,2101.0,2125.0,2125.0,10923600
2010-11-11,2145.0,2145.0,2115.0,2141.0,2141.0,7438400
2010-11-12,2135.0,2154.0,2102.0,2103.0,2103.0,9253600
2010-11-15,2104.0,2115.0,2092.0,2106.0,2106.0,6069000
2010-11-16,2120.0,2123.0,2082.0,2102.0,2102.0,7586800
2010-11-17,2070.0,2090.0,2063.0,2089.0,2089.0,5975500
2010-11-18,2076.0,2120.0,2071.0,2120.0,2120.0,6829200
2010-11-19,2142.0,2149.0,2116.0,2116.0,2116.0,6595400
2010-11-22,2134.0,2156.0,2118.0,2145.0,2145.0,7450900
2010-11-24,2100.0,2125.0,2094.0,2115.0,2115.0,6973500
2010-11-25,2140.0,2155.0,2127.0,2128.0,2128.0,6461300
2010-11-26,2129.0,2142.0,2120.0,2122.0,2122.0,4110900
2010-11-29,2125.0,2150.0,2125.0,2140.0,2140.0,5333600
2010-11-30,2127.0,2131.0,2106.0,2116.0,2116.0,8963900
2010-12-01,2125.0,2134.0,2111.0,2134.0,2134.0,5837600
2010-12-02,2166.0,2179.0,2157.0,2162.0,2162.0,8544600
2010-12-03,2179.0,2182.0,2151.0,2163.0,2163.0,7309100
2010-12-06,2164.0,2179.0,2155.0,2165.0,2165.0,6215200
2010-12-07,2179.0,2187.0,2167.0,2173.0,2173.0,8043600
2010-12-08,2172.0,2183.0,2168.0,2179.0,2179.0,6095400
2010-12-09,2180.0,2185.0,2168.0,2178.0,2178.0,5332900
2010-12-10,2188.0,2188.0,2158.0,2162.0,2162.0,10497300
2010-12-13,2161.0,2174.0,2151.0,2174.0,2174.0,5519400
2010-12-14,2175.0,2198.0,2168.0,2197.0,2197.0,7116600
2010-12-15,2201.0,2248.0,2197.0,2242.0,2242.0,13198100
2010-12-16,2228.0,2236.0,2215.0,2219.0,2219.0,6635600
2010-12-17,2212.0,2224.0,2189.0,2195.0,2195.0,6659800
2010-12-20,2199.0,2199.0,2168.0,2177.0,2177.0,4072700
2010-12-21,2181.0,2210.0,2176.0,2198.0,2198.0,5173800
2010-12-22,2212.0,2228.0,2208.0,2214.0,2214.0,6627600
2010-12-24,2201.0,2221.0,2201.0,2216.0,2216.0,3671800
2010-12-27,2219.0,2232.0,2213.0,2223.0,2223.0,4356900
2010-12-28,2220.0,2221.0,2206.0,2210.0,2210.0,3531600
2010-12-29,2205.0,2218.0,2195.0,2216.0,2216.0,3616200
2010-12-30,2217.0,2217.0,2195.0,2198.0,2198.0,3670200
2011-01-04,2231.0,2314.0,2225.0,2290.0,2290.0,21799300
2011-01-05,2289.0,2328.0,2285.0,2328.0,2328.0,13903700
2011-01-06,2356.0,2404.0,2355.0,2373.0,2373.0,16966200
2011-01-07,2354.0,2368.0,2332.0,2349.0,2349.0,11688700
2011-01-11,2340.0,2399.0,2335.0,2382.0,2382.0,10275100
2011-01-12,2404.0,2411.0,2382.0,2384.0,2384.0,10195100
2011-01-13,2406.0,2422.0,2384.0,2397.0,2397.0,8744900
2011-01-14,2379.0,2406.0,2371.0,2371.0,2371.0,8208500
2011-01-17,2404.0,2406.0,2355.0,2366.0,2366.0,6918600
2011-01-18,2367.0,2408.0,2364.0,2392.0,2392.0,7320600
2011-01-19,2407.0,2407.0,2388.0,2401.0,2401.0,5219700
2011-01-20,2378.0,2386.0,2366.0,2379.0,2379.0,6267800
2011-01-21,2355.0,2362.0,2267.0,2273.0,2273.0,20588800
2011-01-24,2300.0,2327.0,2282.0,2317.0,2317.0,9965900
2011-01-25,2335.0,2350.0,2320.0,2346.0,2346.0,6493300
2011-01-26,2322.0,2326.0,2303.0,2306.0,2306.0,5754600
2011-01-27,2326.0,2346.0,2308.0,2324.0,2324.0,6524200
2011-01-28,2331.0,2341.0,2295.0,2315.0,2315.0,6893100
2011-01-31,2260.0,2308.0,2260.0,2285.0,2285.0,8941700
2011-02-01,2315.0,2315.0,2291.0,2300.0,2300.0,4973000
2011-02-02,2323.0,2348.0,2320.0,2342.0,2342.0,8390800
2011-02-03,2353.0,2371.0,2352.0,2364.0,2364.0,7644300
2011-02-04,2375.0,2379.0,2353.0,2353.0,2353.0,5124100
2011-02-07,2372.0,2377.0,2356.0,2362.0,2362.0,4431200
2011-02-08,2370.0,2374.0,2352.0,2360.0,2360.0,4545300
2011-02-09,2363.0,2375.0,2335.0,2343.0,2343.0,4862200
2011-02-10,2319.0,2343.0,2317.0,2331.0,2331.0,5259700
2011-02-14,2365.0,2365.0,2336.0,2350.0,2350.0,5323400
2011-02-15,2358.0,2396.0,2348.0,2391.0,2391.0,9770500
2011-02-16,2375.0,2399.0,2375.0,2385.0,2385.0,5741600
2011-02-17,2399.0,2399.0,2370.0,2373.0,2373.0,7066800
2011-02-18,2372.0,2378.0,2354.0,2359.0,2359.0,6322900
2011-02-21,2357.0,2358.0,2342.0,2355.0,2355.0,4145700
2011-02-22,2350.0,2359.0,2318.0,2322.0,2322.0,6790000
2011-02-23,2300.0,2306.0,2283.0,2288.0,2288.0,7494300
2011-02-24,2277.0,2282.0,2247.0,2252.0,2252.0,8314100
2011-02-25,2242.0,2260.0,2230.0,2256.0,2256.0,8288200
2011-02-28,2242.0,2274.0,2213.0,2261.0,2261.0,11846400
2011-03-01,2290.0,2300.0,2275.0,2299.0,2299.0,7800100
2011-03-02,2262.0,2274.0,2246.0,2250.0,2250.0,7845200
2011-03-03,2250.0,2272.0,2247.0,2272.0,2272.0,5248600
2011-03-04,2312.0,2312.0,2283.0,2296.0,2296.0,6174900
2011-03-07,2272.0,2280.0,2264.0,2272.0,2272.0,5880800
2011-03-08,2267.0,2281.0,2260.0,2261.0,2261.0,4141000
2011-03-09,2277.0,2286.0,2250.0,2256.0,2256.0,6941700
2011-03-10,2250.0,2255.0,2202.0,2210.0,2210.0,7438100
2011-03-11,2167.0,2187.0,2159.0,2161.0,2161.0,14161000
2011-03-14,1881.0,2053.0,1870.0,2006.0,2006.0,17915800
2011-03-15,1931.0,1944.0,1756.0,1875.0,1875.0,21833000
2011-03-16,2005.0,2084.0,2000.0,2063.0,2063.0,20144300
2011-03-17,1998.0,2062.0,1980.0,2029.0,2029.0,15278700
2011-03-18,2056.0,2124.0,2056.0,2124.0,2124.0,12199500
2011-03-22,2200.0,2212.0,2176.0,2201.0,2201.0,12831800
2011-03-23,2195.0,2247.0,2192.0,2234.0,2234.0,10344800
2011-03-24,2244.0,2284.0,2234.0,2267.0,2267.0,9855800
2011-03-25,2300.0,2317.0,2284.0,2310.0,2310.0,9743400
2011-03-28,2300.0,2323.0,2293.0,2311.0,2311.0,9857200
2011-03-29,2255.0,2297.0,2255.0,2278.0,2278.0,8588300
2011-03-30,2266.0,2314.0,2261.0,2313.0,2313.0,8892900
2011-03-31,2320.0,2320.0,2298.0,2309.0,2309.0,6123800
2011-04-01,2315.0,2346.0,2307.0,2324.0,2324.0,8619600
2011-04-04,2345.0,2370.0,2341.0,2364.0,2364.0,9928700
2011-04-05,2369.0,2369.0,2315.0,2339.0,2339.0,11217600
2011-04-06,2337.0,2339.0,2291.0,2303.0,2303.0,6679600
2011-04-07,2305.0,2313.0,2274.0,2276.0,2276.0,5872700
2011-04-08,2275.0,2310.0,2260.0,2309.0,2309.0,7834400
2011-04-11,2305.0,2314.0,2282.0,2285.0,2285.0,4021900
2011-04-12,2256.0,2267.0,2235.0,2249.0,2249.0,5024700
2011-04-13,2222.0,2243.0,2217.0,2241.0,2241.0,5049700
2011-04-14,2238.0,2239.0,2216.0,2231.0,2231.0,5042200
2011-04-15,2200.0,2213.0,2180.0,2187.0,2187.0,10129400
2011-04-18,2193.0,2193.0,2161.0,2161.0,2161.0,4818200
2011-04-19,2155.0,2171.0,2152.0,2161.0,2161.0,4569000
2011-04-20,2178.0,2190.0,2175.0,2179.0,2179.0,3736900
2011-04-21,2203.0,2221.0,2194.0,2215.0,2215.0,4958600
2011-04-22,2202.0,2216.0,2186.0,2207.0,2207.0,4319800
2011-04-25,2200.0,2215.0,2186.0,2188.0,2188.0,3447100
2011-04-26,2173.0,2180.0,2153.0,2162.0,2162.0,5134200
2011-04-27,2166.0,2188.0,2160.0,2162.0,2162.0,4445900
2011-04-28,2181.0,2186.0,2156.0,2179.0,2179.0,7155200
2011-05-02,2215.0,2219.0,2204.0,2206.0,2206.0,4986700
2011-05-06,2170.0,2178.0,2133.0,2175.0,2175.0,10666900
2011-05-09,2199.0,2200.0,2164.0,2172.0,2172.0,4515100
2011-05-10,2177.0,2205.0,2152.0,2162.0,2162.0,9515200
2011-05-11,2165.0,2176.0,2150.0,2155.0,2155.0,6472200
2011-05-12,2132.0,2141.0,2112.0,2112.0,2112.0,6419500
2011-05-13,2108.0,2111.0,2058.0,2080.0,2080.0,8346200
2011-05-16,2050.0,2051.0,2017.0,2032.0,2032.0,8518900
2011-05-17,2025.0,2058.0,2019.0,2035.0,2035.0,8252400
2011-05-18,2035.0,2068.0,2022.0,2060.0,2060.0,7185000
2011-05-19,2090.0,2100.0,2053.0,2058.0,2058.0,6110300
2011-05-20,2040.0,2063.0,2031.0,2032.0,2032.0,4957900
2011-05-23,2036.0,2038.0,2008.0,2014.0,2014.0,5109900
2011-05-24,1991.0,2016.0,1990.0,2014.0,2014.0,4146600
2011-05-25,2022.0,2041.0,2016.0,2023.0,2023.0,5224800
2011-05-26,2038.0,2057.0,2034.0,2035.0,2035.0,4480400
2011-05-27,2025.0,2050.0,2024.0,2027.0,2027.0,3879900
2011-05-30,2026.0,2033.0,2005.0,2020.0,2020.0,3132500
2011-05-31,2009.0,2057.0,2008.0,2057.0,2057.0,5446800
2011-06-01,2070.0,2071.0,2044.0,2062.0,2062.0,5166900
2011-06-02,2018.0,2021.0,2008.0,2016.0,2016.0,6803400
2011-06-03,2010.0,2012.0,1983.0,1988.0,1988.0,6754400
2011-06-06,1982.0,1988.0,1943.0,1953.0,1953.0,7177800
2011-06-07,1947.0,1979.0,1946.0,1974.0,1974.0,6379700
2011-06-08,1965.0,1982.0,1955.0,1975.0,1975.0,4934300
2011-06-09,1964.0,1980.0,1960.0,1970.0,1970.0,4436800
2011-06-10,1978.0,1997.0,1972.0,1977.0,1977.0,7407600
2011-06-13,1958.0,1960.0,1944.0,1958.0,1958.0,4133500
2011-06-14,1945.0,1977.0,1940.0,1975.0,1975.0,6011200
2011-06-15,1993.0,1996.0,1976.0,1992.0,1992.0,4298800
2011-06-16,1953.0,1959.0,1931.0,1936.0,1936.0,8791600
2011-06-17,1938.0,1943.0,1916.0,1931.0,1931.0,6274000
2011-06-20,1928.0,1936.0,1907.0,1915.0,1915.0,3659500
2011-06-21,1927.0,1948.0,1918.0,1947.0,1947.0,4787000
2011-06-22,1960.0,1990.0,1959.0,1977.0,1977.0,6684300
2011-06-23,1964.0,1985.0,1962.0,1971.0,1971.0,4169400
2011-06-24,1957.0,1984.0,1957.0,1983.0,1983.0,4696200
2011-06-27,1982.0,1982.0,1956.0,1960.0,1960.0,4085300
2011-06-28,1980.0,1988.0,1966.0,1973.0,1973.0,5553800
2011-06-29,2000.0,2005.0,1982.0,1990.0,1990.0,8898700
2011-06-30,2000.0,2005.0,1986.0,2000.0,2000.0,6670100
2011-07-01,2020.0,2043.0,2015.0,2036.0,2036.0,7409400
2011-07-04,2064.0,2074.0,2055.0,2057.0,2057.0,5247800
2011-07-05,2052.0,2056.0,2043.0,2047.0,2047.0,3463200
2011-07-06,2044.0,2073.0,2041.0,2072.0,2072.0,6198400
2011-07-07,2078.0,2099.0,2076.0,2092.0,2092.0,7322400
2011-07-08,2116.0,2121.0,2098.0,2099.0,2099.0,5960600
2011-07-11,2084.0,2098.0,2070.0,2071.0,2071.0,5048000
2011-07-12,2035.0,2041.0,2028.0,2032.0,2032.0,6078100
2011-07-13,2037.0,2075.0,2037.0,2069.0,2069.0,5991300
2011-07-14,2059.0,2072.0,2043.0,2059.0,2059.0,5651100
2011-07-15,2048.0,2060.0,2038.0,2049.0,2049.0,4087100
2011-07-19,2047.0,2084.0,2039.0,2072.0,2072.0,7122500
2011-07-20,2080.0,2092.0,2070.0,2077.0,2077.0,4074400
2011-07-21,2078.0,2084.0,2063.0,2075.0,2075.0,4112700
2011-07-22,2095.0,2112.0,2088.0,2103.0,2103.0,5655700
2011-07-25,2084.0,2090.0,2069.0,2076.0,2076.0,4124000
2011-07-26,2079.0,2137.0,2071.0,2126.0,2126.0,8081900
2011-07-27,2109.0,2119.0,2091.0,2113.0,2113.0,5098800
2011-07-28,2076.0,2088.0,2070.0,2083.0,2083.0,4438400
2011-07-29,2066.0,2098.0,2060.0,2063.0,2063.0,4903400
2011-08-01,2084.0,2105.0,2056.0,2056.0,2056.0,5517200
2011-08-02,2039.0,2041.0,2022.0,2039.0,2039.0,6496400
2011-08-03,1997.0,2012.0,1991.0,2001.0,2001.0,6368800
2011-08-04,2007.0,2010.0,1986.0,1989.0,1989.0,6830000
2011-08-05,1909.0,1932.0,1888.0,1932.0,1932.0,10253600
2011-08-08,1901.0,1920.0,1883.0,1894.0,1894.0,7272000
2011-08-09,1842.0,1845.0,1797.0,1842.0,1842.0,14885100
2011-08-10,1885.0,1888.0,1835.0,1840.0,1840.0,8866200
2011-08-11,1800.0,1822.0,1800.0,1817.0,1817.0,8953000
2011-08-12,1846.0,1854.0,1815.0,1826.0,1826.0,6488100
2011-08-15,1848.0,1857.0,1838.0,1842.0,1842.0,3819700
2011-08-16,1867.0,1880.0,1847.0,1855.0,1855.0,5701200
2011-08-17,1856.0,1863.0,1839.0,1843.0,1843.0,5449300
2011-08-18,1842.0,1845.0,1822.0,1828.0,1828.0,4852000
2011-08-19,1782.0,1783.0,1757.0,1773.0,1773.0,11196800
2011-08-22,1751.0,1758.0,1740.0,1750.0,1750.0,6691600
2011-08-23,1765.0,1765.0,1710.0,1742.0,1742.0,9407900
2011-08-24,1758.0,1769.0,1706.0,1713.0,1713.0,7974400
2011-08-25,1725.0,1764.0,1724.0,1744.0,1744.0,6619400
2011-08-26,1740.0,1766.0,1739.0,1763.0,1763.0,4269300
2011-08-29,1764.0,1779.0,1740.0,1763.0,1763.0,6395500
2011-08-30,1785.0,1825.0,1783.0,1793.0,1793.0,6684400
2011-08-31,1809.0,1837.0,1796.0,1827.0,1827.0,9780600
2011-09-01,1840.0,1853.0,1825.0,1850.0,1850.0,5882100
2011-09-02,1829.0,1836.0,1805.0,1829.0,1829.0,5475400
2011-09-05,1800.0,1807.0,1774.0,1791.0,1791.0,4447800
2011-09-06,1770.0,1773.0,1742.0,1751.0,1751.0,5602200
2011-09-07,1775.0,1788.0,1765.0,1780.0,1780.0,4598800
2011-09-08,1804.0,1808.0,1760.0,1771.0,1771.0,4038000
2011-09-09,1765.0,1792.0,1762.0,1766.0,1766.0,8256600
2011-09-12,1730.0,1761.0,1729.0,1761.0,1761.0,5152300
2011-09-13,1749.0,1766.0,1741.0,1764.0,1764.0,6851500
2011-09-14,1754.0,1769.0,1729.0,1739.0,1739.0,6003300
2011-09-15,1745.0,1754.0,1729.0,1742.0,1742.0,5566300
2011-09-16,1764.0,1794.0,1759.0,1780.0,1780.0,7030000
2011-09-20,1740.0,1751.0,1732.0,1744.0,1744.0,7472400
2011-09-21,1734.0,1761.0,1731.0,1752.0,1752.0,5061600
2011-09-22,1735.0,1740.0,1697.0,1700.0,1700.0,9926600
2011-09-26,1650.0,1658.0,1559.0,1565.0,1565.0,20873500
2011-09-27,1603.0,1622.0,1586.0,1622.0,1622.0,9215100
2011-09-28,1622.0,1638.0,1603.0,1617.0,1617.0,8970800
2011-09-29,1582.0,1593.0,1545.0,1590.0,1590.0,10713600
2011-09-30,1604.0,1606.0,1576.0,1592.0,1592.0,7110000
2011-10-03,1538.0,1546.0,1485.0,1516.0,1516.0,10610200
2011-10-04,1416.0,1454.0,1395.0,1429.0,1429.0,31780900
2011-10-05,1433.0,1450.0,1393.0,1397.0,1397.0,21422500
2011-10-06,1424.0,1458.0,1420.0,1434.0,1434.0,9576300
2011-10-07,1478.0,1508.0,1466.0,1481.0,1481.0,9725300
2011-10-11,1520.0,1534.0,1508.0,1508.0,1508.0,9541200
2011-10-12,1507.0,1556.0,1488.0,1544.0,1544.0,8934300
2011-10-13,1573.0,1595.0,1560.0,1580.0,1580.0,10091600
2011-10-14,1573.0,1585.0,1560.0,1560.0,1560.0,6939800
2011-10-17,1600.0,1626.0,1593.0,1615.0,1615.0,7057000
2011-10-18,1570.0,1586.0,1564.0,1574.0,1574.0,5293400
2011-10-19,1597.0,1604.0,1506.0,1520.0,1520.0,10451300
2011-10-20,1520.0,1530.0,1495.0,1516.0,1516.0,5030900
2011-10-21,1475.0,1486.0,1458.0,1478.0,1478.0,7856900
2011-10-24,1500.0,1531.0,1491.0,1527.0,1527.0,6112100
2011-10-25,1550.0,1556.0,1531.0,1531.0,1531.0,7046300
2011-10-26,1506.0,1537.0,1490.0,1526.0,1526.0,7163800
2011-10-27,1539.0,1640.0,1538.0,1637.0,1637.0,15640400
2011-10-28,1685.0,1700.0,1650.0,1659.0,1659.0,22065900
2011-10-31,1647.0,1679.0,1641.0,1641.0,1641.0,7176400
2011-11-01,1614.0,1644.0,1584.0,1601.0,1601.0,8789500
2011-11-02,1551.0,1570.0,1524.0,1550.0,1550.0,9871800
2011-11-04,1600.0,1606.0,1584.0,1586.0,1586.0,7375900
2011-11-07,1584.0,1627.0,1583.0,1617.0,1617.0,5928500
2011-11-08,1630.0,1634.0,1563.0,1569.0,1569.0,6742000
2011-11-09,1609.0,1643.0,1605.0,1639.0,1639.0,8864100
2011-11-10,1561.0,1571.0,1533.0,1560.0,1560.0,13021800
2011-11-11,1566.0,1582.0,1531.0,1547.0,1547.0,10061800
2011-11-14,1575.0,1604.0,1568.0,1579.0,1579.0,5952900
2011-11-15,1560.0,1590.0,1560.0,1565.0,1565.0,4687600
2011-11-16,1560.0,1568.0,1521.0,1531.0,1531.0,5833000
2011-11-17,1530.0,1562.0,1522.0,1555.0,1555.0,6181300
2011-11-18,1519.0,1539.0,1518.0,1530.0,1530.0,5607000
2011-11-21,1519.0,1526.0,1508.0,1519.0,1519.0,4428400
2011-11-22,1502.0,1544.0,1501.0,1535.0,1535.0,4895800
2011-11-24,1505.0,1508.0,1484.0,1491.0,1491.0,8129700
2011-11-25,1482.0,1495.0,1452.0,1460.0,1460.0,8390500
2011-11-28,1484.0,1508.0,1478.0,1495.0,1495.0,5362000
2011-11-29,1514.0,1553.0,1513.0,1548.0,1548.0,8386600
2011-11-30,1549.0,1565.0,1535.0,1551.0,1551.0,12014700
2011-12-01,1633.0,1639.0,1612.0,1624.0,1624.0,12754200
2011-12-02,1625.0,1639.0,1620.0,1634.0,1634.0,6343500
2011-12-05,1640.0,1643.0,1617.0,1630.0,1630.0,4933000
2011-12-06,1629.0,1645.0,1608.0,1612.0,1612.0,6544900
2011-12-07,1612.0,1634.0,1599.0,1630.0,1630.0,6690900
2011-12-08,1613.0,1619.0,1580.0,1594.0,1594.0,9214000
2011-12-09,1545.0,1607.0,1545.0,1594.0,1594.0,12914000
2011-12-12,1612.0,1623.0,1606.0,1606.0,1606.0,5329000
2011-12-13,1577.0,1613.0,1576.0,1604.0,1604.0,6448200
2011-12-14,1612.0,1618.0,1592.0,1613.0,1613.0,5792500
2011-12-15,1580.0,1589.0,1552.0,1555.0,1555.0,8684100
2011-12-16,1553.0,1566.0,1527.0,1540.0,1540.0,6288600
2011-12-19,1525.0,1532.0,1503.0,1520.0,1520.0,5513400
2011-12-20,1520.0,1526.0,1503.0,1507.0,1507.0,5386500
2011-12-21,1547.0,1551.0,1514.0,1517.0,1517.0,6350900
2011-12-22,1520.0,1530.0,1510.0,1514.0,1514.0,5698600
2011-12-26,1543.0,1550.0,1532.0,1539.0,1539.0,4063400
2011-12-27,1533.0,1544.0,1527.0,1539.0,1539.0,3460100
2011-12-28,1541.0,1550.0,1536.0,1536.0,1536.0,2748100
2011-12-29,1530.0,1545.0,1523.0,1542.0,1542.0,3602200
2011-12-30,1542.0,1559.0,1536.0,1555.0,1555.0,3511100
2012-01-04,1594.0,1594.0,1575.0,1581.0,1581.0,6499200
2012-01-05,1573.0,1584.0,1561.0,1567.0,1567.0,4147100
2012-01-06,1561.0,1566.0,1538.0,1546.0,1546.0,4171900
2012-01-10,1555.0,1576.0,1548.0,1570.0,1570.0,4919600
2012-01-11,1579.0,1597.0,1569.0,1583.0,1583.0,5647400
2012-01-12,1588.0,1595.0,1576.0,1595.0,1595.0,5380300
2012-01-13,1600.0,1614.0,1597.0,1611.0,1611.0,5394900
2012-01-16,1589.0,1589.0,1569.0,1573.0,1573.0,4542300
2012-01-17,1587.0,1602.0,1577.0,1602.0,1602.0,4405500
2012-01-18,1601.0,1644.0,1601.0,1633.0,1633.0,7587500
2012-01-19,1644.0,1654.0,1637.0,1652.0,1652.0,6126200
2012-01-20,1678.0,1710.0,1674.0,1703.0,1703.0,11555000
2012-01-23,1703.0,1709.0,1684.0,1698.0,1698.0,5480300
2012-01-24,1705.0,1722.0,1701.0,1704.0,1704.0,5345600
2012-01-25,1720.0,1730.0,1705.0,1724.0,1724.0,5060700
2012-01-26,1739.0,1748.0,1711.0,1718.0,1718.0,5879900
2012-01-27,1746.0,1765.0,1733.0,1757.0,1757.0,10883200
2012-01-30,1750.0,1760.0,1726.0,1729.0,1729.0,4864700
2012-01-31,1723.0,1750.0,1722.0,1739.0,1739.0,6464400
2012-02-01,1718.0,1730.0,1703.0,1722.0,1722.0,6270800
2012-02-02,1737.0,1770.0,1729.0,1754.0,1754.0,8159200
2012-02-03,1769.0,1787.0,1761.0,1765.0,1765.0,7341600
2012-02-06,1805.0,1809.0,1794.0,1796.0,1796.0,5817800
2012-02-07,1783.0,1804.0,1780.0,1794.0,1794.0,5375600
2012-02-08,1800.0,1809.0,1794.0,1808.0,1808.0,5109300
2012-02-09,1813.0,1818.0,1798.0,1815.0,1815.0,4543600
2012-02-10,1820.0,1821.0,1768.0,1771.0,1771.0,8801300
2012-02-13,1771.0,1797.0,1766.0,1778.0,1778.0,4673000
2012-02-14,1774.0,1795.0,1758.0,1789.0,1789.0,5482600
2012-02-15,1820.0,1839.0,1804.0,1833.0,1833.0,8486400
2012-02-16,1832.0,1870.0,1825.0,1832.0,1832.0,11222800
2012-02-17,1875.0,1886.0,1855.0,1879.0,1879.0,8856300
2012-02-20,1969.0,1987.0,1966.0,1970.0,1970.0,13301100
2012-02-21,1963.0,2023.0,1961.0,1987.0,1987.0,13061000
2012-02-22,1981.0,2003.0,1966.0,1998.0,1998.0,9037700
2012-02-23,1985.0,1994.0,1972.0,1984.0,1984.0,8160600
2012-02-24,1979.0,2015.0,1978.0,2008.0,2008.0,8147800
2012-02-27,2033.0,2044.0,2008.0,2008.0,2008.0,8871900
2012-02-28,1980.0,1990.0,1961.0,1986.0,1986.0,11464600
2012-02-29,2000.0,2020.0,1984.0,1991.0,1991.0,9465500
2012-03-01,1989.0,2013.0,1961.0,1973.0,1973.0,9468500
2012-03-02,1984.0,1997.0,1965.0,1976.0,1976.0,6984000
2012-03-05,1976.0,1984.0,1954.0,1961.0,1961.0,5642800
2012-03-06,1957.0,1958.0,1901.0,1913.0,1913.0,10368600
2012-03-07,1856.0,1883.0,1853.0,1881.0,1881.0,10937900
2012-03-08,1905.0,1958.0,1905.0,1938.0,1938.0,10286300
2012-03-09,1970.0,1973.0,1953.0,1953.0,1953.0,12207200
2012-03-12,1975.0,1977.0,1953.0,1953.0,1953.0,4812200
2012-03-13,1950.0,1970.0,1947.0,1953.0,1953.0,6751600
2012-03-14,1986.0,1996.0,1982.0,1985.0,1985.0,7775600
2012-03-15,1995.0,1996.0,1971.0,1990.0,1990.0,6127300
2012-03-16,1990.0,2010.0,1983.0,2010.0,2010.0,6724700
2012-03-19,2024.0,2036.0,2014.0,2027.0,2027.0,5643600
2012-03-21,2000.0,2004.0,1982.0,1986.0,1986.0,8739700
2012-03-22,1982.0,1994.0,1963.0,1975.0,1975.0,6066100
2012-03-23,1950.0,1959.0,1943.0,1952.0,1952.0,6098900
2012-03-26,1960.0,1988.0,1959.0,1983.0,1983.0,4836500
2012-03-27,2000.0,2017.0,1996.0,2015.0,2015.0,8301600
2012-03-28,1975.0,2000.0,1975.0,1987.0,1987.0,7446300
2012-03-29,1959.0,1970.0,1926.0,1931.0,1931.0,8689800
2012-03-30,1920.0,1947.0,1912.0,1920.0,1920.0,6633000
2012-04-02,1960.0,1965.0,1930.0,1938.0,1938.0,6268900
2012-04-03,1921.0,1943.0,1912.0,1913.0,1913.0,5808400
2012-04-04,1930.0,1933.0,1865.0,1872.0,1872.0,8960600
2012-04-05,1830.0,1883.0,1824.0,1876.0,1876.0,9597100
2012-04-06,1868.0,1869.0,1846.0,1857.0,1857.0,6002500
2012-04-09,1810.0,1844.0,1810.0,1823.0,1823.0,5916300
2012-04-10,1840.0,1853.0,1814.0,1826.0,1826.0,4949300
2012-04-11,1796.0,1804.0,1781.0,1788.0,1788.0,9011700
2012-04-12,1800.0,1841.0,1787.0,1837.0,1837.0,8059200
2012-04-13,1859.0,1869.0,1823.0,1836.0,1836.0,9131600
2012-04-16,1803.0,1812.0,1769.0,1773.0,1773.0,7004700
2012-04-17,1785.0,1793.0,1768.0,1770.0,1770.0,4611800
2012-04-18,1809.0,1813.0,1793.0,1805.0,1805.0,5893100
2012-04-19,1793.0,1797.0,1780.0,1793.0,1793.0,3992800
2012-04-20,1781.0,1793.0,1778.0,1788.0,1788.0,3471500
2012-04-23,1796.0,1815.0,1788.0,1802.0,1802.0,3340700
2012-04-24,1777.0,1786.0,1768.0,1775.0,1775.0,4762000
2012-04-25,1791.0,1796.0,1777.0,1782.0,1782.0,3312100
2012-04-26,1794.0,1795.0,1765.0,1772.0,1772.0,4615900
2012-04-27,1770.0,1787.0,1738.0,1743.0,1743.0,8119800
2012-05-01,1734.0,1737.0,1702.0,1707.0,1707.0,6417000
2012-05-02,1722.0,1726.0,1711.0,1715.0,1715.0,3779000
2012-05-07,1661.0,1666.0,1639.0,1643.0,1643.0,11238700
2012-05-08,1666.0,1726.0,1653.0,1703.0,1703.0,13372000
2012-05-09,1693.0,1694.0,1662.0,1673.0,1673.0,8069000
2012-05-10,1660.0,1684.0,1660.0,1660.0,1660.0,5387400
2012-05-11,1667.0,1678.0,1644.0,1649.0,1649.0,6323000
2012-05-14,1661.0,1676.0,1645.0,1653.0,1653.0,4444300
2012-05-15,1631.0,1635.0,1610.0,1629.0,1629.0,6875100
2012-05-16,1628.0,1651.0,1605.0,1621.0,1621.0,6144700
2012-05-17,1605.0,1653.0,1605.0,1653.0,1653.0,8848000
2012-05-18,1602.0,1603.0,1571.0,1581.0,1581.0,10076100
2012-05-21,1581.0,1590.0,1557.0,1560.0,1560.0,6162800
2012-05-22,1581.0,1588.0,1567.0,1578.0,1578.0,7351900
2012-05-23,1588.0,1588.0,1545.0,1552.0,1552.0,9421400
2012-05-24,1539.0,1556.0,1527.0,1548.0,1548.0,6249700
2012-05-25,1547.0,1550.0,1526.0,1535.0,1535.0,5026000
2012-05-28,1535.0,1553.0,1531.0,1544.0,1544.0,4927000
2012-05-29,1540.0,1571.0,1530.0,1570.0,1570.0,5031900
2012-05-30,1570.0,1573.0,1538.0,1564.0,1564.0,5829700
2012-05-31,1526.0,1537.0,1520.0,1535.0,1535.0,6492400
2012-06-01,1520.0,1532.0,1512.0,1522.0,1522.0,5348700
2012-06-04,1488.0,1491.0,1474.0,1480.0,1480.0,7584000
2012-06-05,1499.0,1522.0,1493.0,1517.0,1517.0,4983100
2012-06-06,1518.0,1543.0,1510.0,1534.0,1534.0,6050500
2012-06-07,1573.0,1575.0,1546.0,1552.0,1552.0,5615400
2012-06-08,1555.0,1558.0,1515.0,1519.0,1519.0,8569700
2012-06-11,1559.0,1563.0,1540.0,1544.0,1544.0,5753000
2012-06-12,1515.0,1527.0,1508.0,1518.0,1518.0,7602900
2012-06-13,1515.0,1521.0,1505.0,1516.0,1516.0,5132800
2012-06-14,1506.0,1511.0,1497.0,1506.0,1506.0,6045700
2012-06-15,1504.0,1506.0,1492.0,1506.0,1506.0,7483700
2012-06-18,1546.0,1549.0,1532.0,1539.0,1539.0,6117200
2012-06-19,1530.0,1547.0,1521.0,1533.0,1533.0,4669700
2012-06-20,1555.0,1566.0,1546.0,1564.0,1564.0,5274500
2012-06-21,1578.0,1602.0,1576.0,1581.0,1581.0,6417500
2012-06-22,1547.0,1570.0,1546.0,1563.0,1563.0,6936100
2012-06-25,1585.0,1586.0,1550.0,1554.0,1554.0,4599500
2012-06-26,1543.0,1546.0,1517.0,1525.0,1525.0,6706200
2012-06-27,1527.0,1530.0,1516.0,1527.0,1527.0,4380000
2012-06-28,1550.0,1564.0,1540.0,1562.0,1562.0,5087100
2012-06-29,1560.0,1602.0,1554.0,1596.0,1596.0,8228600
2012-07-02,1637.0,1638.0,1602.0,1603.0,1603.0,5349300
2012-07-03,1609.0,1637.0,1608.0,1630.0,1630.0,5376700
2012-07-04,1654.0,1689.0,1651.0,1678.0,1678.0,9626000
2012-07-05,1678.0,1688.0,1655.0,1665.0,1665.0,4928100
2012-07-06,1650.0,1668.0,1648.0,1655.0,1655.0,4132300
2012-07-09,1638.0,1652.0,1633.0,1634.0,1634.0,3298300
2012-07-10,1637.0,1647.0,1620.0,1623.0,1623.0,5008800
2012-07-11,1610.0,1614.0,1597.0,1614.0,1614.0,4414200
2012-07-12,1624.0,1627.0,1583.0,1588.0,1588.0,5914000
2012-07-13,1580.0,1614.0,1579.0,1598.0,1598.0,5796300
2012-07-17,1599.0,1610.0,1582.0,1595.0,1595.0,4573000
2012-07-18,1595.0,1600.0,1572.0,1581.0,1581.0,4818100
2012-07-19,1592.0,1608.0,1587.0,1599.0,1599.0,3713600
2012-07-20,1602.0,1606.0,1566.0,1573.0,1573.0,4021200
2012-07-23,1551.0,1560.0,1532.0,1534.0,1534.0,4483200
2012-07-24,1510.0,1525.0,1508.0,1520.0,1520.0,4636100
2012-07-25,1504.0,1506.0,1492.0,1504.0,1504.0,8120400
2012-07-26,1517.0,1517.0,1493.0,1511.0,1511.0,5980200
2012-07-27,1530.0,1538.0,1521.0,1531.0,1531.0,5433600
2012-07-30,1555.0,1564.0,1540.0,1550.0,1550.0,5243500
2012-07-31,1560.0,1572.0,1548.0,1566.0,1566.0,4911800
2012-08-01,1548.0,1555.0,1518.0,1537.0,1537.0,4840700
2012-08-02,1540.0,1589.0,1534.0,1566.0,1566.0,9300600
2012-08-03,1535.0,1536.0,1521.0,1532.0,1532.0,6879800
2012-08-06,1565.0,1565.0,1543.0,1545.0,1545.0,5150900
2012-08-07,1553.0,1572.0,1551.0,1566.0,1566.0,4691200
2012-08-08,1593.0,1597.0,1571.0,1575.0,1575.0,5876200
2012-08-09,1574.0,1596.0,1568.0,1592.0,1592.0,5551800
2012-08-10,1575.0,1590.0,1547.0,1566.0,1566.0,7300700
2012-08-13,1567.0,1570.0,1555.0,1563.0,1563.0,2331900
2012-08-14,1571.0,1582.0,1559.0,1560.0,1560.0,5697800
2012-08-15,1562.0,1568.0,1546.0,1555.0,1555.0,3669800
2012-08-16,1561.0,1582.0,1553.0,1580.0,1580.0,3853400
2012-08-17,1590.0,1605.0,1583.0,1598.0,1598.0,4829300
2012-08-20,1581.0,1595.0,1567.0,1576.0,1576.0,6295800
2012-08-21,1571.0,1575.0,1562.0,1566.0,1566.0,3788400
2012-08-22,1583.0,1583.0,1561.0,1570.0,1570.0,4616700
2012-08-23,1560.0,1562.0,1539.0,1547.0,1547.0,7587000
2012-08-24,1525.0,1530.0,1510.0,1515.0,1515.0,9022700
2012-08-27,1519.0,1521.0,1499.0,1499.0,1499.0,7209700
2012-08-28,1495.0,1499.0,1461.0,1475.0,1475.0,12804900
2012-08-29,1477.0,1488.0,1475.0,1482.0,1482.0,5636400
2012-08-30,1485.0,1486.0,1461.0,1466.0,1466.0,6392800
2012-08-31,1455.0,1456.0,1439.0,1439.0,1439.0,9727900
2012-09-03,1430.0,1449.0,1411.0,1430.0,1430.0,6518100
2012-09-04,1441.0,1442.0,1421.0,1438.0,1438.0,5007800
2012-09-05,1429.0,1430.0,1398.0,1403.0,1403.0,9409900
2012-09-06,1398.0,1399.0,1375.0,1386.0,1386.0,8723800
2012-09-07,1430.0,1440.0,1413.0,1440.0,1440.0,8657900
2012-09-10,1449.0,1469.0,1437.0,1462.0,1462.0,6255900
2012-09-11,1447.0,1450.0,1429.0,1443.0,1443.0,5737900
2012-09-12,1444.0,1468.0,1442.0,1463.0,1463.0,5549200
2012-09-13,1470.0,1488.0,1463.0,1473.0,1473.0,5631100
2012-09-14,1501.0,1536.0,1500.0,1532.0,1532.0,12840100
2012-09-18,1540.0,1566.0,1527.0,1556.0,1556.0,10901100
2012-09-19,1555.0,1574.0,1540.0,1559.0,1559.0,8046200
2012-09-20,1544.0,1550.0,1523.0,1526.0,1526.0,7616600
2012-09-21,1506.0,1521.0,1498.0,1515.0,1515.0,9581800
2012-09-24,1515.0,1525.0,1513.0,1516.0,1516.0,4869800
2012-09-25,1514.0,1521.0,1501.0,1513.0,1513.0,7008400
2012-09-26,1466.0,1474.0,1450.0,1453.0,1453.0,7731700
2012-09-27,1429.0,1461.0,1426.0,1452.0,1452.0,6461800
2012-09-28,1440.0,1444.0,1411.0,1419.0,1419.0,9891600
2012-10-01,1408.0,1422.0,1405.0,1414.0,1414.0,4972400
2012-10-02,1427.0,1429.0,1395.0,1398.0,1398.0,7689500
2012-10-03,1394.0,1395.0,1375.0,1380.0,1380.0,9800200
2012-10-04,1375.0,1398.0,1364.0,1380.0,1380.0,9608500
2012-10-05,1385.0,1394.0,1377.0,1385.0,1385.0,8291200
2012-10-09,1384.0,1393.0,1367.0,1368.0,1368.0,7688700
2012-10-10,1353.0,1361.0,1342.0,1354.0,1354.0,7723900
2012-10-11,1343.0,1363.0,1341.0,1348.0,1348.0,7029800
2012-10-12,1343.0,1353.0,1334.0,1343.0,1343.0,9916500
2012-10-15,1338.0,1352.0,1330.0,1348.0,1348.0,8623800
2012-10-16,1360.0,1370.0,1354.0,1368.0,1368.0,10583600
2012-10-17,1383.0,1383.0,1372.0,1375.0,1375.0,7999700
2012-10-18,1385.0,1434.0,1383.0,1431.0,1431.0,12120800
2012-10-19,1425.0,1433.0,1412.0,1430.0,1430.0,7514000
2012-10-22,1350.0,1410.0,1350.0,1404.0,1404.0,16818500
2012-10-23,1421.0,1425.0,1388.0,1391.0,1391.0,8720500
2012-10-24,1374.0,1417.0,1373.0,1391.0,1391.0,7437300
2012-10-25,1386.0,1419.0,1386.0,1418.0,1418.0,6325300
2012-10-26,1419.0,1425.0,1395.0,1396.0,1396.0,6023700
2012-10-29,1398.0,1412.0,1388.0,1398.0,1398.0,5901900
2012-10-30,1407.0,1418.0,1384.0,1384.0,1384.0,10478400
2012-10-31,1414.0,1441.0,1407.0,1425.0,1425.0,11180500
2012-11-01,1423.0,1436.0,1416.0,1430.0,1430.0,5072400
2012-11-02,1444.0,1475.0,1444.0,1454.0,1454.0,10214900
2012-11-05,1442.0,1469.0,1435.0,1453.0,1453.0,5863300
2012-11-06,1459.0,1475.0,1457.0,1463.0,1463.0,6410500
2012-11-07,1475.0,1492.0,1474.0,1480.0,1480.0,9258800
2012-11-08,1455.0,1474.0,1452.0,1465.0,1465.0,5588800
2012-11-09,1445.0,1455.0,1435.0,1451.0,1451.0,4703200
2012-11-12,1451.0,1455.0,1436.0,1437.0,1437.0,4310800
2012-11-13,1437.0,1447.0,1414.0,1432.0,1432.0,5856700
2012-11-14,1438.0,1440.0,1423.0,1431.0,1431.0,3888400
2012-11-15,1441.0,1489.0,1437.0,1484.0,1484.0,9595500
2012-11-16,1494.0,1505.0,1493.0,1500.0,1500.0,8813800
2012-11-19,1515.0,1542.0,1515.0,1533.0,1533.0,8599900
2012-11-20,1540.0,1548.0,1511.0,1516.0,1516.0,8497500
2012-11-21,1537.0,1537.0,1517.0,1528.0,1528.0,5297200
2012-11-22,1543.0,1549.0,1540.0,1546.0,1546.0,5474700
2012-11-26,1559.0,1575.0,1556.0,1562.0,1562.0,7055000
2012-11-27,1554.0,1570.0,1546.0,1565.0,1565.0,7105400
2012-11-28,1552.0,1567.0,1542.0,1542.0,1542.0,5159200
2012-11-29,1554.0,1574.0,1552.0,1566.0,1566.0,6051500
2012-11-30,1574.0,1576.0,1558.0,1561.0,1561.0,6820200
2012-12-03,1569.0,1569.0,1547.0,1552.0,1552.0,7389500
2012-12-04,1545.0,1561.0,1532.0,1557.0,1557.0,7520200
2012-12-05,1539.0,1546.0,1522.0,1531.0,1531.0,8825700
2012-12-06,1548.0,1557.0,1539.0,1539.0,1539.0,7221900
2012-12-07,1548.0,1562.0,1545.0,1556.0,1556.0,4990400
2012-12-10,1556.0,1565.0,1550.0,1554.0,1554.0,4016500
2012-12-11,1559.0,1560.0,1539.0,1554.0,1554.0,3839000
2012-12-12,1562.0,1567.0,1553.0,1553.0,1553.0,5513200
2012-12-13,1570.0,1573.0,1564.0,1567.0,1567.0,6587100
2012-12-14,1554.0,1577.0,1554.0,1572.0,1572.0,9887000
2012-12-17,1590.0,1593.0,1570.0,1573.0,1573.0,6205200
2012-12-18,1577.0,1603.0,1575.0,1592.0,1592.0,8440500
2012-12-19,1603.0,1635.0,1602.0,1630.0,1630.0,11743600
2012-12-20,1645.0,1673.0,1636.0,1657.0,1657.0,13955400
2012-12-21,1673.0,1675.0,1637.0,1643.0,1643.0,9154000
2012-12-25,1657.0,1663.0,1633.0,1636.0,1636.0,4909900
2012-12-26,1648.0,1650.0,1641.0,1644.0,1644.0,5463100
2012-12-27,1659.0,1663.0,1640.0,1643.0,1643.0,9950900
2012-12-28,1644.0,1658.0,1639.0,1647.0,1647.0,9471700
2013-01-04,1730.0,1730.0,1694.0,1710.0,1710.0,13756500
2013-01-07,1724.0,1726.0,1685.0,1691.0,1691.0,8556300
2013-01-08,1686.0,1698.0,1680.0,1687.0,1687.0,7799400
2013-01-09,1675.0,1727.0,1668.0,1717.0,1717.0,10701100
2013-01-10,1724.0,1743.0,1720.0,1742.0,1742.0,9087700
2013-01-11,1766.0,1795.0,1759.0,1761.0,1761.0,11130000
2013-01-15,1798.0,1798.0,1763.0,1768.0,1768.0,9606300
2013-01-16,1768.0,1776.0,1730.0,1735.0,1735.0,7951700
2013-01-17,1754.0,1768.0,1723.0,1755.0,1755.0,8815900
2013-01-18,1795.0,1818.0,1791.0,1814.0,1814.0,16439000
2013-01-21,1834.0,1845.0,1817.0,1825.0,1825.0,13257200
2013-01-22,1835.0,1856.0,1822.0,1837.0,1837.0,12246600
2013-01-23,1824.0,1844.0,1819.0,1824.0,1824.0,8939100
2013-01-24,1815.0,1859.0,1813.0,1857.0,1857.0,9717100
2013-01-25,1887.0,1915.0,1884.0,1913.0,1913.0,12324900
2013-01-28,1940.0,1948.0,1917.0,1918.0,1918.0,9664800
2013-01-29,1916.0,1923.0,1902.0,1909.0,1909.0,9594200
2013-01-30,1915.0,1925.0,1906.0,1919.0,1919.0,7187800
2013-01-31,1919.0,1933.0,1911.0,1928.0,1928.0,7696200
2013-02-01,1940.0,1963.0,1884.0,1890.0,1890.0,19430200
2013-02-04,1909.0,1929.0,1905.0,1922.0,1922.0,8036200
2013-02-05,1900.0,1931.0,1896.0,1917.0,1917.0,9788700
2013-02-06,1944.0,1978.0,1938.0,1966.0,1966.0,14919500
2013-02-07,1969.0,1978.0,1948.0,1953.0,1953.0,9581500
2013-02-08,1933.0,1948.0,1912.0,1915.0,1915.0,11100000
2013-02-12,1949.0,1964.0,1931.0,1931.0,1931.0,7775900
2013-02-13,1931.0,1950.0,1915.0,1923.0,1923.0,6407500
2013-02-14,1930.0,1930.0,1892.0,1917.0,1917.0,6932600
2013-02-15,1912.0,1919.0,1871.0,1900.0,1900.0,7429700
2013-02-18,1920.0,1938.0,1916.0,1924.0,1924.0,6263900
2013-02-19,1923.0,1937.0,1920.0,1928.0,1928.0,5354500
2013-02-20,1940.0,1944.0,1921.0,1924.0,1924.0,7404500
2013-02-21,1901.0,1908.0,1872.0,1880.0,1880.0,10430200
2013-02-22,1850.0,1852.0,1808.0,1850.0,1850.0,13230100
2013-02-25,1890.0,1891.0,1868.0,1875.0,1875.0,7004500
2013-02-26,1834.0,1867.0,1833.0,1850.0,1850.0,7431500
2013-02-27,1852.0,1855.0,1821.0,1824.0,1824.0,5997300
2013-02-28,1848.0,1857.0,1833.0,1839.0,1839.0,7808500
2013-03-01,1843.0,1843.0,1823.0,1830.0,1830.0,6879900
2013-03-04,1831.0,1837.0,1798.0,1800.0,1800.0,9566000
2013-03-05,1825.0,1828.0,1798.0,1806.0,1806.0,8117300
2013-03-06,1825.0,1825.0,1809.0,1820.0,1820.0,5918900
2013-03-07,1829.0,1852.0,1824.0,1825.0,1825.0,8406100
2013-03-08,1834.0,1842.0,1821.0,1827.0,1827.0,14508800
2013-03-11,1850.0,1898.0,1845.0,1864.0,1864.0,14876600
2013-03-12,1890.0,1900.0,1875.0,1887.0,1887.0,11556000
2013-03-13,1887.0,1887.0,1865.0,1867.0,1867.0,7632300
2013-03-14,1873.0,1874.0,1838.0,1848.0,1848.0,9060200
2013-03-15,1848.0,1859.0,1837.0,1854.0,1854.0,11374700
2013-03-18,1847.0,1847.0,1825.0,1835.0,1835.0,7124300
2013-03-19,1849.0,1864.0,1842.0,1858.0,1858.0,5635000
2013-03-21,1870.0,1878.0,1853.0,1857.0,1857.0,6817100
2013-03-22,1853.0,1860.0,1840.0,1840.0,1840.0,7136300
2013-03-25,1855.0,1864.0,1848.0,1848.0,1848.0,8354700
2013-03-26,1840.0,1842.0,1826.0,1828.0,1828.0,7925600
2013-03-27,1807.0,1818.0,1795.0,1802.0,1802.0,8105500
2013-03-28,1796.0,1798.0,1748.0,1760.0,1760.0,11006600
2013-03-29,1753.0,1758.0,1737.0,1743.0,1743.0,8508400
2013-04-01,1743.0,1747.0,1714.0,1715.0,1715.0,7588800
2013-04-02,1676.0,1695.0,1650.0,1670.0,1670.0,11742500
2013-04-03,1680.0,1681.0,1650.0,1667.0,1667.0,8177800
2013-04-04,1650.0,1677.0,1625.0,1674.0,1674.0,14090100
2013-04-05,1750.0,1780.0,1657.0,1661.0,1661.0,21582800
2013-04-08,1700.0,1716.0,1686.0,1713.0,1713.0,14391100
2013-04-09,1733.0,1789.0,1732.0,1753.0,1753.0,17783500
2013-04-10,1778.0,1847.0,1765.0,1830.0,1830.0,23403200
2013-04-11,1857.0,1857.0,1821.0,1846.0,1846.0,14927100
2013-04-12,1855.0,1855.0,1821.0,1834.0,1834.0,11851100
2013-04-15,1800.0,1818.0,1771.0,1786.0,1786.0,11036500
2013-04-16,1727.0,1766.0,1721.0,1744.0,1744.0,13110800
2013-04-17,1742.0,1766.0,1741.0,1756.0,1756.0,8245800
2013-04-18,1746.0,1748.0,1721.0,1722.0,1722.0,11782300
2013-04-19,1722.0,1729.0,1699.0,1725.0,1725.0,10204900
2013-04-22,1753.0,1764.0,1732.0,1738.0,1738.0,6700700
2013-04-23,1732.0,1736.0,1716.0,1718.0,1718.0,7499400
2013-04-24,1738.0,1752.0,1729.0,1752.0,1752.0,9070000
2013-04-25,1766.0,1787.0,1759.0,1784.0,1784.0,9681600
2013-04-26,1777.0,1783.0,1748.0,1754.0,1754.0,9225800
2013-04-30,1774.0,1776.0,1746.0,1748.0,1748.0,7804100
2013-05-01,1752.0,1753.0,1725.0,1734.0,1734.0,6976000
2013-05-02,1727.0,1735.0,1717.0,1735.0,1735.0,6401200
2013-05-07,1789.0,1803.0,1775.0,1802.0,1802.0,12756700
2013-05-08,1840.0,1906.0,1832.0,1870.0,1870.0,24667700
2013-05-09,1900.0,1905.0,1886.0,1893.0,1893.0,14390500
2013-05-10,1920.0,1941.0,1917.0,1927.0,1927.0,17002600
2013-05-13,1945.0,1950.0,1895.0,1907.0,1907.0,14041700
2013-05-14,1906.0,1909.0,1881.0,1885.0,1885.0,9946400
2013-05-15,1907.0,1926.0,1898.0,1900.0,1900.0,11236800
2013-05-16,1912.0,1918.0,1882.0,1897.0,1897.0,8964500
2013-05-17,1892.0,1909.0,1876.0,1893.0,1893.0,7248000
2013-05-20,1924.0,1941.0,1913.0,1925.0,1925.0,14914200
2013-05-21,1925.0,2013.0,1920.0,2010.0,2010.0,29349400
2013-05-22,2040.0,2108.0,2012.0,2044.0,2044.0,30073500
2013-05-23,2044.0,2102.0,1950.0,1977.0,1977.0,28196000
2013-05-24,1990.0,2003.0,1881.0,1915.0,1915.0,26543100
2013-05-27,1867.0,1879.0,1833.0,1850.0,1850.0,14381400
2013-05-28,1832.0,1880.0,1822.0,1858.0,1858.0,11672900
2013-05-29,1895.0,1895.0,1847.0,1850.0,1850.0,9630700
2013-05-30,1830.0,1865.0,1800.0,1808.0,1808.0,16468700
2013-05-31,1829.0,1836.0,1780.0,1786.0,1786.0,12469600
2013-06-03,1772.0,1828.0,1761.0,1777.0,1777.0,13207800
2013-06-04,1766.0,1810.0,1747.0,1799.0,1799.0,11080600
2013-06-05,1799.0,1817.0,1756.0,1756.0,1756.0,10666700
2013-06-06,1750.0,1771.0,1722.0,1722.0,1722.0,13734400
2013-06-07,1712.0,1722.0,1671.0,1699.0,1699.0,15038200
2013-06-10,1745.0,1750.0,1707.0,1744.0,1744.0,9231500
2013-06-11,1748.0,1790.0,1738.0,1747.0,1747.0,10732700
2013-06-12,1720.0,1726.0,1696.0,1720.0,1720.0,10827400
2013-06-13,1717.0,1747.0,1692.0,1699.0,1699.0,13444700
2013-06-14,1737.0,1750.0,1704.0,1707.0,1707.0,15188200
2013-06-17,1700.0,1725.0,1681.0,1724.0,1724.0,8620800
2013-06-18,1720.0,1731.0,1696.0,1718.0,1718.0,7958700
2013-06-19,1737.0,1795.0,1736.0,1785.0,1785.0,9933500
2013-06-20,1761.0,1778.0,1741.0,1778.0,1778.0,12872500
2013-06-21,1730.0,1790.0,1721.0,1730.0,1730.0,25959600
2013-06-24,1758.0,1763.0,1696.0,1702.0,1702.0,11351300
2013-06-25,1677.0,1711.0,1665.0,1688.0,1688.0,10278700
2013-06-26,1711.0,1713.0,1673.0,1676.0,1676.0,6446200
2013-06-27,1696.0,1697.0,1668.0,1680.0,1680.0,9858200
2013-06-28,1706.0,1730.0,1696.0,1699.0,1699.0,11319000
2013-07-01,1730.0,1735.0,1700.0,1715.0,1715.0,7581800
2013-07-02,1737.0,1775.0,1728.0,1774.0,1774.0,9142200
2013-07-03,1780.0,1780.0,1758.0,1777.0,1777.0,5720700
2013-07-04,1765.0,1774.0,1761.0,1768.0,1768.0,3872200
2013-07-05,1774.0,1794.0,1772.0,1786.0,1786.0,6581800
2013-07-08,1801.0,1815.0,1766.0,1775.0,1775.0,6982600
2013-07-09,1798.0,1805.0,1787.0,1800.0,1800.0,5912900
2013-07-10,1805.0,1828.0,1802.0,1816.0,1816.0,7510700
2013-07-11,1798.0,1831.0,1796.0,1820.0,1820.0,6055800
2013-07-12,1825.0,1841.0,1821.0,1829.0,1829.0,7313700
2013-07-16,1836.0,1846.0,1830.0,1837.0,1837.0,5249300
2013-07-17,1840.0,1861.0,1838.0,1857.0,1857.0,7924600
2013-07-18,1859.0,1884.0,1858.0,1880.0,1880.0,7251000
2013-07-19,1885.0,1892.0,1830.0,1861.0,1861.0,9401600
2013-07-22,1880.0,1885.0,1840.0,1850.0,1850.0,6966000
2013-07-23,1849.0,1882.0,1841.0,1868.0,1868.0,5756900
2013-07-24,1864.0,1885.0,1860.0,1879.0,1879.0,4323000
2013-07-25,1890.0,1892.0,1860.0,1866.0,1866.0,6088400
2013-07-26,1841.0,1853.0,1814.0,1822.0,1822.0,6986800
2013-07-29,1800.0,1811.0,1782.0,1785.0,1785.0,6097700
2013-07-30,1780.0,1817.0,1770.0,1796.0,1796.0,5218900
2013-07-31,1793.0,1825.0,1786.0,1789.0,1789.0,6428800
2013-08-01,1780.0,1823.0,1774.0,1816.0,1816.0,5066700
2013-08-02,1826.0,1888.0,1822.0,1888.0,1888.0,11750000
2013-08-05,1881.0,1904.0,1868.0,1892.0,1892.0,6626700
2013-08-06,1889.0,1928.0,1878.0,1926.0,1926.0,9559900
2013-08-07,1897.0,1909.0,1866.0,1866.0,1866.0,8809200
2013-08-08,1855.0,1897.0,1851.0,1867.0,1867.0,6263600
2013-08-09,1892.0,1899.0,1871.0,1885.0,1885.0,8089400
2013-08-12,1879.0,1919.0,1870.0,1902.0,1902.0,8089100
2013-08-13,1910.0,1923.0,1894.0,1922.0,1922.0,6175400
2013-08-14,1933.0,1941.0,1921.0,1936.0,1936.0,7167700
2013-08-15,1910.0,1936.0,1909.0,1920.0,1920.0,5105500
2013-08-16,1904.0,1919.0,1876.0,1893.0,1893.0,7102100
2013-08-19,1899.0,1900.0,1887.0,1896.0,1896.0,4530300
2013-08-20,1890.0,1896.0,1842.0,1847.0,1847.0,6723900
2013-08-21,1861.0,1897.0,1853.0,1861.0,1861.0,7757600
2013-08-22,1846.0,1877.0,1843.0,1848.0,1848.0,5130900
2013-08-23,1860.0,1902.0,1860.0,1877.0,1877.0,7253700
2013-08-26,1886.0,1900.0,1864.0,1869.0,1869.0,4340500
2013-08-27,1861.0,1888.0,1860.0,1869.0,1869.0,3912000
2013-08-28,1840.0,1870.0,1834.0,1855.0,1855.0,6301000
2013-08-29,1856.0,1873.0,1852.0,1857.0,1857.0,4143400
2013-08-30,1870.0,1882.0,1840.0,1842.0,1842.0,6000700
2013-09-02,1837.0,1852.0,1830.0,1839.0,1839.0,3878900
2013-09-03,1865.0,1901.0,1864.0,1894.0,1894.0,6702300
2013-09-04,1874.0,1914.0,1873.0,1907.0,1907.0,5298300
2013-09-05,1913.0,1925.0,1908.0,1914.0,1914.0,6658200
2013-09-06,1927.0,1927.0,1891.0,1900.0,1900.0,5176600
2013-09-09,1940.0,1944.0,1913.0,1933.0,1933.0,6975700
2013-09-10,1940.0,1972.0,1936.0,1960.0,1960.0,9430100
2013-09-11,1969.0,1970.0,1952.0,1958.0,1958.0,5388500
2013-09-12,1961.0,1967.0,1944.0,1956.0,1956.0,4109200
2013-09-13,1942.0,1967.0,1941.0,1957.0,1957.0,7435600
2013-09-17,1970.0,1982.0,1960.0,1973.0,1973.0,6493700
2013-09-18,1980.0,2003.0,1980.0,1984.0,1984.0,7791600
2013-09-19,2008.0,2029.0,2006.0,2029.0,2029.0,9729500
2013-09-20,2030.0,2048.0,2029.0,2048.0,2048.0,7360000
2013-09-24,2043.0,2054.0,2038.0,2045.0,2045.0,7130000
2013-09-25,2041.0,2053.0,2039.0,2046.0,2046.0,4878100
2013-09-26,2000.0,2047.0,1993.0,2047.0,2047.0,7748200
2013-09-27,2043.0,2047.0,2029.0,2030.0,2030.0,4720600
2013-09-30,1992.0,1999.0,1974.0,1986.0,1986.0,6440500
2013-10-01,1987.0,2000.0,1975.0,1978.0,1978.0,4721500
2013-10-02,1974.0,1988.0,1934.0,1945.0,1945.0,7078300
2013-10-03,1950.0,1962.0,1940.0,1946.0,1946.0,5091500
2013-10-04,1936.0,1964.0,1921.0,1940.0,1940.0,5019500
2013-10-07,1938.0,1943.0,1887.0,1904.0,1904.0,6819000
2013-10-08,1903.0,1917.0,1893.0,1908.0,1908.0,4547400
2013-10-09,1898.0,1943.0,1888.0,1937.0,1937.0,4327700
2013-10-10,1937.0,1974.0,1933.0,1971.0,1971.0,5616100
2013-10-11,1996.0,2018.0,1990.0,2006.0,2006.0,7882400
2013-10-15,2021.0,2026.0,1986.0,1990.0,1990.0,3984500
2013-10-16,2009.0,2010.0,1971.0,1983.0,1983.0,5148400
2013-10-17,2009.0,2019.0,1992.0,2009.0,2009.0,6015600
2013-10-18,2008.0,2012.0,1983.0,1996.0,1996.0,4434700
2013-10-21,2005.0,2014.0,1993.0,2000.0,2000.0,3828400
2013-10-22,2002.0,2013.0,1997.0,2011.0,2011.0,4145700
2013-10-23,2015.0,2020.0,1987.0,1988.0,1988.0,5839800
2013-10-24,1968.0,1990.0,1951.0,1987.0,1987.0,5819800
2013-10-25,1988.0,1994.0,1952.0,1957.0,1957.0,5719400
2013-10-28,1970.0,1991.0,1966.0,1989.0,1989.0,3505300
2013-10-29,1968.0,1995.0,1968.0,1982.0,1982.0,3326500
2013-10-30,1999.0,2002.0,1989.0,1994.0,1994.0,5117600
2013-10-31,2001.0,2004.0,1981.0,1982.0,1982.0,3690800
2013-11-01,1995.0,1998.0,1961.0,1977.0,1977.0,5326700
2013-11-05,1977.0,1991.0,1953.0,1976.0,1976.0,6152000
2013-11-06,1958.0,1987.0,1958.0,1977.0,1977.0,5369200
2013-11-07,1974.0,1985.0,1957.0,1968.0,1968.0,4406200
2013-11-08,1950.0,1969.0,1946.0,1965.0,1965.0,4180600
2013-11-11,1985.0,1991.0,1967.0,1975.0,1975.0,3328100
2013-11-12,1975.0,2000.0,1974.0,2000.0,2000.0,6143500
2013-11-13,1996.0,2008.0,1983.0,1993.0,1993.0,4653100
2013-11-14,1993.0,2006.0,1987.0,1998.0,1998.0,4882900
2013-11-15,2010.0,2016.0,2005.0,2010.0,2010.0,8381800
2013-11-18,2019.0,2022.0,2008.0,2015.0,2015.0,5605100
2013-11-19,2010.0,2013.0,2000.0,2007.0,2007.0,4523400
2013-11-20,2014.0,2015.0,1998.0,2008.0,2008.0,3859100
2013-11-21,2010.0,2020.0,2006.0,2016.0,2016.0,6446600
2013-11-22,2024.0,2036.0,2007.0,2016.0,2016.0,8666600
2013-11-25,2027.0,2035.0,2022.0,2030.0,2030.0,4705900
2013-11-26,2019.0,2029.0,2013.0,2019.0,2019.0,4618600
2013-11-27,2017.0,2017.0,1984.0,1987.0,1987.0,7196200
2013-11-28,2002.0,2009.0,1982.0,1989.0,1989.0,6321300
2013-11-29,2002.0,2016.0,1988.0,2015.0,2015.0,8204600
2013-12-02,2027.0,2038.0,2001.0,2005.0,2005.0,5949500
2013-12-03,2018.0,2018.0,2000.0,2001.0,2001.0,5293500
2013-12-04,1988.0,1992.0,1965.0,1965.0,1965.0,8069700
2013-12-05,1966.0,1971.0,1950.0,1952.0,1952.0,5872800
2013-12-06,1957.0,1958.0,1943.0,1954.0,1954.0,5656000
2013-12-09,1990.0,1990.0,1972.0,1986.0,1986.0,5554600
2013-12-10,1988.0,1999.0,1986.0,1997.0,1997.0,5094100
2013-12-11,1993.0,2002.0,1987.0,1999.0,1999.0,6407100
2013-12-12,1989.0,1998.0,1980.0,1987.0,1987.0,6738400
2013-12-13,1981.0,1988.0,1955.0,1969.0,1969.0,10923900
2013-12-16,1957.0,1959.0,1926.0,1928.0,1928.0,8495500
2013-12-17,1941.0,1950.0,1928.0,1939.0,1939.0,5490700
2013-12-18,1940.0,1957.0,1938.0,1950.0,1950.0,6680100
2013-12-19,1970.0,1973.0,1947.0,1954.0,1954.0,7823900
2013-12-20,1948.0,1968.0,1947.0,1967.0,1967.0,8383800
2013-12-24,1972.0,1977.0,1956.0,1962.0,1962.0,7661200
2013-12-25,1959.0,1961.0,1942.0,1950.0,1950.0,7629600
2013-12-26,1961.0,1989.0,1953.0,1974.0,1974.0,7811900
2013-12-27,1981.0,1984.0,1970.0,1979.0,1979.0,6082100
2013-12-30,1992.0,2020.0,1989.0,2017.0,2017.0,8968400
2014-01-06,2016.0,2027.0,2009.0,2018.0,2018.0,7821900
2014-01-07,2006.0,2014.0,1985.0,1996.0,1996.0,7958800
2014-01-08,2004.0,2017.0,1995.0,2017.0,2017.0,5849400
2014-01-09,2009.0,2012.0,1990.0,1998.0,1998.0,6174500
2014-01-10,1990.0,1997.0,1985.0,1994.0,1994.0,5637500
2014-01-14,1980.0,1980.0,1960.0,1968.0,1968.0,7427400
2014-01-15,1998.0,2003.0,1986.0,2002.0,2002.0,5657700
2014-01-16,2005.0,2014.0,1991.0,1994.0,1994.0,5151000
2014-01-17,1999.0,2014.0,1993.0,2011.0,2011.0,5914500
2014-01-20,2008.0,2025.0,2004.0,2020.0,2020.0,5972700
2014-01-21,2022.0,2029.0,2004.0,2005.0,2005.0,4802800
2014-01-22,2005.0,2015.0,2000.0,2011.0,2011.0,4903400
2014-01-23,2017.0,2017.0,1994.0,1996.0,1996.0,6032800
2014-01-24,1980.0,1987.0,1971.0,1980.0,1980.0,7424200
2014-01-27,1946.0,1948.0,1925.0,1926.0,1926.0,8790900
2014-01-28,1940.0,1941.0,1912.0,1912.0,1912.0,5854600
2014-01-29,1952.0,1953.0,1928.0,1948.0,1948.0,5549800
2014-01-30,1909.0,1913.0,1897.0,1905.0,1905.0,8748700
2014-01-31,1924.0,1924.0,1897.0,1903.0,1903.0,7589800
2014-02-03,1900.0,1904.0,1865.0,1872.0,1872.0,7126700
2014-02-04,1840.0,1841.0,1767.0,1767.0,1767.0,16653700
2014-02-05,1820.0,1843.0,1786.0,1833.0,1833.0,10677800
2014-02-06,1860.0,1931.0,1850.0,1918.0,1918.0,15050900
2014-02-07,1919.0,1956.0,1915.0,1955.0,1955.0,9455400
2014-02-10,1970.0,1974.0,1938.0,1957.0,1957.0,5906500
2014-02-12,1966.0,1997.0,1956.0,1983.0,1983.0,9427500
2014-02-13,1980.0,1987.0,1938.0,1949.0,1949.0,8629800
2014-02-14,1946.0,1962.0,1910.0,1936.0,1936.0,8079500
2014-02-17,1950.0,1977.0,1928.0,1974.0,1974.0,6686500
2014-02-18,1968.0,2000.0,1967.0,1990.0,1990.0,9246600
2014-02-19,1978.0,1999.0,1973.0,1999.0,1999.0,5245400
2014-02-20,1988.0,1991.0,1949.0,1957.0,1957.0,8364800
2014-02-21,1976.0,1995.0,1973.0,1993.0,1993.0,6479900
2014-02-24,1995.0,2009.0,1969.0,1992.0,1992.0,7270900
2014-02-25,2004.0,2008.0,1996.0,2002.0,2002.0,5981100
2014-02-26,1987.0,2002.0,1982.0,1984.0,1984.0,5252300
2014-02-27,1975.0,1978.0,1956.0,1963.0,1963.0,6372400
2014-02-28,1957.0,1963.0,1933.0,1947.0,1947.0,7786700
2014-03-03,1930.0,1938.0,1904.0,1936.0,1936.0,7169800
2014-03-04,1917.0,1948.0,1916.0,1932.0,1932.0,4959500
2014-03-05,1953.0,1965.0,1947.0,1947.0,1947.0,5901200
2014-03-06,1961.0,1974.0,1945.0,1965.0,1965.0,7403900
2014-03-07,1983.0,1985.0,1969.0,1978.0,1978.0,5633000
2014-03-10,1966.0,1969.0,1939.0,1964.0,1964.0,8845200
2014-03-11,1960.0,1981.0,1951.0,1975.0,1975.0,6575200
2014-03-12,1940.0,1950.0,1920.0,1927.0,1927.0,7626600
2014-03-13,1922.0,1932.0,1915.0,1921.0,1921.0,5231200
2014-03-14,1878.0,1892.0,1866.0,1871.0,1871.0,12274300
2014-03-17,1871.0,1872.0,1847.0,1859.0,1859.0,6312300
2014-03-18,1893.0,1906.0,1878.0,1886.0,1886.0,4913100
2014-03-19,1902.0,1908.0,1869.0,1876.0,1876.0,6060400
2014-03-20,1880.0,1893.0,1860.0,1863.0,1863.0,7359200
2014-03-24,1880.0,1898.0,1868.0,1878.0,1878.0,6362700
2014-03-25,1863.0,1894.0,1862.0,1885.0,1885.0,4970100
2014-03-26,1885.0,1900.0,1878.0,1892.0,1892.0,6652500
2014-03-27,1848.0,1867.0,1820.0,1865.0,1865.0,6931400
2014-03-28,1863.0,1879.0,1838.0,1879.0,1879.0,5558500
2014-03-31,1891.0,1920.0,1891.0,1916.0,1916.0,6580800
2014-04-01,1915.0,1925.0,1903.0,1919.0,1919.0,4873600
2014-04-02,1923.0,1944.0,1910.0,1921.0,1921.0,6388600
2014-04-03,1935.0,1943.0,1921.0,1930.0,1930.0,5344400
2014-04-04,1914.0,1929.0,1913.0,1920.0,1920.0,4615700
2014-04-07,1899.0,1909.0,1874.0,1881.0,1881.0,5682200
2014-04-08,1882.0,1886.0,1858.0,1872.0,1872.0,5225400
2014-04-09,1858.0,1861.0,1816.0,1830.0,1830.0,8433700
2014-04-10,1854.0,1876.0,1842.0,1846.0,1846.0,4623200
2014-04-11,1805.0,1843.0,1805.0,1832.0,1832.0,5677100
2014-04-14,1821.0,1839.0,1816.0,1819.0,1819.0,5212700
2014-04-15,1835.0,1838.0,1812.0,1817.0,1817.0,4357300
2014-04-16,1822.0,1856.0,1815.0,1855.0,1855.0,7570100
2014-04-17,1850.0,1869.0,1844.0,1852.0,1852.0,4401900
2014-04-18,1859.0,1861.0,1838.0,1845.0,1845.0,2859300
2014-04-21,1842.0,1854.0,1829.0,1834.0,1834.0,4021600
2014-04-22,1839.0,1845.0,1821.0,1822.0,1822.0,4329500
2014-04-23,1839.0,1845.0,1833.0,1844.0,1844.0,3977000
2014-04-24,1834.0,1843.0,1821.0,1831.0,1831.0,4400700
2014-04-25,1833.0,1868.0,1832.0,1858.0,1858.0,5403900
2014-04-28,1837.0,1847.0,1829.0,1840.0,1840.0,3756300
2014-04-30,1846.0,1848.0,1825.0,1828.0,1828.0,4077600
2014-05-01,1830.0,1867.0,1830.0,1859.0,1859.0,4956900
2014-05-02,1855.0,1862.0,1847.0,1860.0,1860.0,3914400
2014-05-07,1852.0,1852.0,1816.0,1819.0,1819.0,8464700
2014-05-08,1846.0,1960.0,1837.0,1938.0,1938.0,19126700
2014-05-09,1949.0,1961.0,1933.0,1947.0,1947.0,12143700
2014-05-12,1949.0,1971.0,1939.0,1961.0,1961.0,9063700
2014-05-13,1975.0,1978.0,1968.0,1974.0,1974.0,7591000
2014-05-14,1979.0,1989.0,1977.0,1989.0,1989.0,6573600
2014-05-15,1974.0,1990.0,1971.0,1988.0,1988.0,5308100
2014-05-16,1964.0,1982.0,1958.0,1979.0,1979.0,5895800
2014-05-19,1975.0,1976.0,1960.0,1962.0,1962.0,5453700
2014-05-20,1962.0,1976.0,1956.0,1965.0,1965.0,4812600
2014-05-21,1957.0,1980.0,1956.0,1978.0,1978.0,4935300
2014-05-22,1990.0,2007.0,1986.0,1992.0,1992.0,8937000
2014-05-23,1998.0,2013.0,1997.0,2004.0,2004.0,7470300
2014-05-26,2012.0,2019.0,2010.0,2018.0,2018.0,4430300
2014-05-27,2018.0,2032.0,2017.0,2024.0,2024.0,5606500
2014-05-28,2027.0,2030.0,2011.0,2014.0,2014.0,5090600
2014-05-29,2012.0,2020.0,2006.0,2013.0,2013.0,4336200
2014-05-30,2028.0,2028.0,2007.0,2009.0,2009.0,6287000
2014-06-02,2017.0,2025.0,2016.0,2020.0,2020.0,4917400
2014-06-03,2031.0,2048.0,2031.0,2044.0,2044.0,8154800
2014-06-04,2045.0,2054.0,2043.0,2054.0,2054.0,5980000
2014-06-05,2053.0,2055.0,2017.0,2023.0,2023.0,6230400
2014-06-06,2043.0,2055.0,2039.0,2050.0,2050.0,7030400
2014-06-09,2059.0,2063.0,2043.0,2043.0,2043.0,3620500
2014-06-10,2043.0,2049.0,2036.0,2039.0,2039.0,4083400
2014-06-11,2042.0,2062.0,2041.0,2062.0,2062.0,4559100
2014-06-12,2047.0,2070.0,2043.0,2070.0,2070.0,6364200
2014-06-13,2066.0,2090.0,2060.0,2084.0,2084.0,10436400
2014-06-16,2082.0,2096.0,2070.0,2085.0,2085.0,5426900
2014-06-17,2093.0,2099.0,2086.0,2091.0,2091.0,5750500
2014-06-18,2098.0,2117.0,2094.0,2110.0,2110.0,6527900
2014-06-19,2113.0,2148.0,2110.0,2133.0,2133.0,7976500
2014-06-20,2132.0,2148.0,2130.0,2142.0,2142.0,7056300
2014-06-23,2150.0,2154.0,2146.0,2151.0,2151.0,5018800
2014-06-24,2147.0,2152.0,2126.0,2149.0,2149.0,4620300
2014-06-25,2144.0,2153.0,2131.0,2135.0,2135.0,3584900
2014-06-26,2130.0,2141.0,2125.0,2128.0,2128.0,5003300
2014-06-27,2115.0,2119.0,2083.0,2108.0,2108.0,7156500
2014-06-30,2115.0,2120.0,2095.0,2107.0,2107.0,4647600
2014-07-01,2123.0,2162.0,2116.0,2153.0,2153.0,7202100
2014-07-02,2141.0,2158.0,2136.0,2139.0,2139.0,4544500
2014-07-03,2148.0,2150.0,2131.0,2146.0,2146.0,3889400
2014-07-04,2163.0,2169.0,2146.0,2161.0,2161.0,5209800
2014-07-07,2149.0,2157.0,2142.0,2143.0,2143.0,2500500
2014-07-08,2128.0,2146.0,2115.0,2139.0,2139.0,4030200
2014-07-09,2119.0,2132.0,2109.0,2122.0,2122.0,4243400
2014-07-10,2127.0,2130.0,2110.0,2116.0,2116.0,4241100
2014-07-11,2095.0,2112.0,2093.0,2100.0,2100.0,3959500
2014-07-14,2110.0,2146.0,2110.0,2144.0,2144.0,4338600
2014-07-15,2141.0,2155.0,2131.0,2134.0,2134.0,3380800
2014-07-16,2136.0,2145.0,2131.0,2140.0,2140.0,2776000
2014-07-17,2150.0,2163.0,2146.0,2152.0,2152.0,4158000
2014-07-18,2127.0,2152.0,2118.0,2149.0,2149.0,4826700
2014-07-22,2149.5,2169.0,2148.5,2161.5,2161.5,4777100
2014-07-23,2160.5,2166.0,2148.5,2165.5,2165.5,3829700
2014-07-24,2170.0,2177.0,2152.5,2155.5,2155.5,4741400
2014-07-25,2160.0,2170.5,2159.0,2169.0,2169.0,3713900
2014-07-28,2164.0,2179.5,2161.0,2177.0,2177.0,3351100
2014-07-29,2183.0,2193.5,2181.5,2188.0,2188.0,2965600
2014-07-30,2185.0,2190.0,2178.0,2182.0,2182.0,2909500
2014-07-31,2190.5,2199.0,2182.5,2186.0,2186.0,4621500
2014-08-01,2169.0,2169.0,2146.0,2160.5,2160.5,3948200
2014-08-04,2155.0,2185.0,2154.0,2179.0,2179.0,3753200
2014-08-05,2182.0,2184.5,2141.5,2142.0,2142.0,3796300
2014-08-06,2143.0,2149.0,2122.0,2133.5,2133.5,3872200
2014-08-07,2135.0,2145.0,2098.0,2120.0,2120.0,5936700
2014-08-08,2090.0,2092.5,2040.0,2049.0,2049.0,7844100
2014-08-11,2080.0,2096.5,2055.0,2088.5,2088.5,4250100
2014-08-12,2084.0,2123.0,2084.0,2115.0,2115.0,4420900
2014-08-13,2119.5,2148.0,2115.0,2130.0,2130.0,3901600
2014-08-14,2140.0,2154.0,2130.0,2148.0,2148.0,3063000
2014-08-15,2148.0,2154.5,2141.5,2150.5,2150.5,2141900
2014-08-18,2150.0,2153.5,2139.0,2151.0,2151.0,1656900
2014-08-19,2170.0,2182.0,2168.0,2172.0,2172.0,3639400
2014-08-20,2185.0,2185.0,2168.0,2173.5,2173.5,2637300
2014-08-21,2177.0,2192.0,2177.0,2185.0,2185.0,3341600
2014-08-22,2190.0,2193.5,2170.0,2171.5,2171.5,2248500
2014-08-25,2190.0,2195.5,2174.5,2183.0,2183.0,2664900
2014-08-26,2189.5,2192.5,2177.5,2185.5,2185.5,2483100
2014-08-27,2181.0,2195.0,2178.0,2189.5,2189.5,3290000
2014-08-28,2180.0,2183.0,2168.5,2171.5,2171.5,5490800
2014-08-29,2164.0,2170.0,2142.5,2151.5,2151.5,4066400
2014-09-01,2160.0,2170.0,2151.5,2167.5,2167.5,2245100
2014-09-02,2175.0,2194.0,2172.0,2186.0,2186.0,3564900
2014-09-03,2195.0,2204.5,2189.0,2194.0,2194.0,4346800
2014-09-04,2190.0,2198.0,2178.0,2181.5,2181.5,3206300
2014-09-05,2192.5,2193.0,2165.5,2168.5,2168.5,3049500
2014-09-08,2189.0,2196.0,2180.0,2195.5,2195.5,3539600
2014-09-09,2200.0,2204.0,2188.5,2196.0,2196.0,3365500
2014-09-10,2190.0,2241.0,2188.0,2233.5,2233.5,7789100
2014-09-11,2238.0,2242.0,2222.0,2239.0,2239.0,4810700
2014-09-12,2235.5,2257.0,2230.0,2242.5,2242.5,8019600
2014-09-16,2250.0,2257.5,2243.5,2254.5,2254.5,4183900
2014-09-17,2264.0,2272.0,2250.0,2251.5,2251.5,3734200
2014-09-18,2278.0,2299.0,2274.0,2291.0,2291.0,6721100
2014-09-19,2300.0,2328.5,2298.0,2312.5,2312.5,7865500
2014-09-22,2340.0,2348.0,2313.0,2331.5,2331.5,5242400
2014-09-24,2312.0,2340.0,2311.5,2334.5,2334.5,4696900
2014-09-25,2342.0,2356.0,2332.5,2355.5,2355.5,6565000
2014-09-26,2265.5,2299.5,2265.0,2284.0,2284.0,7792200
2014-09-29,2310.0,2323.0,2299.5,2313.5,2313.5,5406100
2014-09-30,2245.0,2270.0,2216.5,2246.0,2246.0,12984400
2014-10-01,2220.5,2260.0,2212.5,2228.0,2228.0,7767700
2014-10-02,2189.0,2193.5,2150.5,2157.5,2157.5,9757100
2014-10-03,2160.0,2172.0,2138.0,2162.0,2162.0,6084200
2014-10-06,2186.0,2192.5,2165.0,2168.0,2168.0,5932000
2014-10-07,2168.0,2180.0,2142.5,2148.0,2148.0,6172300
2014-10-08,2101.0,2143.5,2101.0,2133.0,2133.0,7457500
2014-10-09,2141.0,2141.0,2088.5,2091.5,2091.5,7515800
2014-10-10,2041.5,2072.5,2038.0,2068.5,2068.5,8591400
2014-10-14,2022.0,2033.5,2015.0,2015.0,2015.0,10654500
2014-10-15,2028.0,2034.5,1996.0,2011.0,2011.0,8911200
2014-10-16,1973.5,1992.5,1965.0,1983.0,1983.0,7358800
2014-10-17,1982.0,1988.5,1942.5,1944.0,1944.0,7663300
2014-10-20,1989.0,2026.5,1981.5,2011.0,2011.0,7446400
2014-10-21,2015.0,2018.5,1976.0,1983.0,1983.0,5460300
2014-10-22,1997.5,2024.0,1990.5,2020.0,2020.0,5279100
2014-10-23,2014.0,2025.5,1995.5,2011.0,2011.0,3243900
2014-10-24,2039.5,2051.5,2008.5,2025.0,2025.0,4554500
2014-10-27,2045.0,2056.5,2026.5,2044.5,2044.5,4212800
2014-10-28,2034.5,2039.0,2019.5,2032.5,2032.5,3095500
2014-10-29,2054.5,2086.5,2044.5,2084.0,2084.0,4929000
2014-10-30,2081.5,2100.5,2080.0,2085.5,2085.5,5248600
2014-10-31,2110.0,2190.0,2105.0,2163.5,2163.5,8720500
2014-11-04,2250.0,2259.5,2208.5,2212.5,2212.5,12225400
2014-11-05,2200.0,2227.0,2191.0,2225.0,2225.0,8128700
2014-11-06,2226.0,2226.5,2186.5,2187.5,2187.5,6561400
2014-11-07,2210.0,2247.0,2200.0,2236.0,2236.0,6798900
2014-11-10,2238.5,2300.0,2235.5,2281.0,2281.0,11011800
2014-11-11,2281.0,2300.0,2278.5,2283.5,2283.5,7734800
2014-11-12,2300.0,2302.0,2274.0,2278.0,2278.0,8774000
2014-11-13,2281.0,2301.5,2268.0,2300.0,2300.0,7209200
2014-11-14,2323.0,2323.0,2297.5,2318.5,2318.5,7621200
2014-11-17,2300.0,2304.0,2268.5,2277.0,2277.0,6891000
2014-11-18,2307.0,2326.0,2300.0,2308.0,2308.0,5807600
2014-11-19,2312.0,2327.0,2298.0,2304.0,2304.0,6084700
2014-11-20,2302.0,2311.0,2291.5,2292.5,2292.5,5240300
2014-11-21,2295.0,2296.5,2245.5,2266.5,2266.5,9145800
2014-11-25,2299.0,2299.0,2256.0,2256.0,2256.0,10304400
2014-11-26,2253.5,2272.0,2232.0,2262.0,2262.0,6316600
2014-11-27,2251.0,2254.5,2220.0,2220.0,2220.0,5270000
2014-11-28,2235.5,2246.0,2210.5,2245.0,2245.0,5995800
2014-12-01,2260.0,2278.5,2215.5,2222.0,2222.0,7847900
2014-12-02,2210.5,2255.0,2200.0,2253.5,2253.5,6757700
2014-12-03,2259.5,2262.0,2229.0,2232.0,2232.0,5286700
2014-12-04,2250.0,2262.0,2238.0,2252.0,2252.0,6273100
2014-12-05,2252.0,2258.0,2237.5,2245.0,2245.0,4323800
2014-12-08,2255.0,2255.0,2231.0,2236.5,2236.5,4813100
2014-12-09,2224.5,2227.5,2208.5,2216.0,2216.0,5486100
2014-12-10,2200.5,2229.5,2160.0,2170.0,2170.0,7738200
2014-12-11,2150.0,2182.5,2138.0,2174.0,2174.0,6117800
2014-12-12,2155.0,2185.0,2145.0,2150.0,2150.0,9942000
2014-12-15,2138.5,2149.0,2102.0,2108.0,2108.0,8582600
2014-12-16,2091.0,2092.0,2018.0,2043.5,2043.5,8969400
2014-12-17,2037.5,2054.0,2026.0,2035.5,2035.5,9421900
2014-12-18,2095.0,2096.5,2045.0,2046.0,2046.0,9038800
2014-12-19,2105.0,2147.5,2104.0,2145.5,2145.5,8599000
2014-12-22,2157.0,2180.0,2157.0,2180.0,2180.0,5282200
2014-12-24,2204.0,2213.0,2200.0,2206.5,2206.5,5395800
2014-12-25,2198.5,2212.0,2190.0,2206.5,2206.5,2726100
2014-12-26,2207.5,2234.5,2202.0,2231.5,2231.5,3277600
2014-12-29,2240.0,2243.0,2209.5,2236.5,2236.5,3625800
2014-12-30,2227.5,2244.5,2216.5,2217.0,2217.0,4066100
2015-01-05,2190.0,2207.0,2167.5,2189.5,2189.5,5404300
2015-01-06,2130.5,2134.5,2099.0,2099.0,2099.0,8397900
2015-01-07,2085.5,2110.5,2076.0,2085.5,2085.5,5268800
2015-01-08,2119.0,2119.5,2076.0,2082.5,2082.5,6785000
2015-01-09,2098.5,2109.5,2087.0,2098.5,2098.5,4354700
2015-01-13,2081.5,2088.5,2053.0,2088.5,2088.5,5511800
2015-01-14,2070.5,2076.0,2046.5,2048.0,2048.0,6034800
2015-01-15,2050.5,2061.5,2026.0,2037.0,2037.0,6714000
2015-01-16,2015.0,2031.0,2000.0,2030.5,2030.5,6705900
2015-01-19,2059.0,2082.5,2047.5,2071.0,2071.0,5411600
2015-01-20,2085.0,2107.5,2065.0,2107.0,2107.0,5166600
2015-01-21,2103.0,2113.0,2074.5,2085.0,2085.0,4966900
2015-01-22,2097.5,2112.0,2084.5,2112.0,2112.0,4643700
2015-01-23,2132.5,2175.0,2126.0,2163.5,2163.5,6588800
2015-01-26,2128.0,2155.5,2118.0,2124.5,2124.5,5099100
2015-01-27,2102.0,2142.5,2092.5,2135.5,2135.5,6643400
2015-01-28,2115.0,2125.5,2102.0,2118.5,2118.5,4462500
2015-01-29,2109.0,2115.0,2083.0,2088.0,2088.0,4617200
2015-01-30,2110.0,2115.0,2066.5,2068.0,2068.0,5459100
2015-02-02,2055.0,2069.0,2041.0,2064.5,2064.5,4873800
2015-02-03,2080.0,2131.5,2073.5,2114.0,2114.0,7759900
2015-02-04,2178.0,2229.0,2159.0,2216.0,2216.0,11902700
2015-02-05,2200.0,2231.0,2170.5,2229.0,2229.0,6933800
2015-02-06,2240.0,2250.0,2192.5,2209.0,2209.0,7176900
2015-02-09,2231.0,2235.0,2212.0,2223.0,2223.0,3630300
2015-02-10,2204.0,2237.0,2194.0,2207.5,2207.5,6359000
2015-02-12,2230.0,2230.0,2186.5,2201.0,2201.0,7011200
2015-02-13,2201.0,2210.5,2194.0,2210.5,2210.5,5829600
2015-02-16,2230.0,2307.5,2220.5,2293.0,2293.0,10556600
2015-02-17,2301.0,2335.5,2295.5,2326.0,2326.0,9087300
2015-02-18,2330.0,2337.5,2312.5,2326.5,2326.5,6754900
2015-02-19,2315.0,2335.0,2315.0,2334.5,2334.5,4648200
2015-02-20,2339.5,2350.0,2331.5,2347.0,2347.0,4954100
2015-02-23,2359.0,2380.0,2341.5,2356.0,2356.0,5040100
2015-02-24,2360.0,2363.0,2340.5,2363.0,2363.0,4314900
2015-02-25,2365.0,2369.5,2352.5,2358.5,2358.5,4227100
2015-02-26,2353.0,2371.0,2343.0,2371.0,2371.0,4342200
2015-02-27,2380.0,2398.5,2377.5,2390.5,2390.5,7026000
2015-03-02,2402.0,2409.0,2382.5,2399.5,2399.5,5215200
2015-03-03,2401.0,2410.0,2372.0,2389.5,2389.5,4394400
2015-03-04,2397.0,2406.0,2379.5,2394.5,2394.5,5243100
2015-03-05,2388.5,2417.5,2384.0,2398.5,2398.5,4978300
2015-03-06,2399.0,2419.0,2395.0,2413.5,2413.5,4835600
2015-03-09,2432.5,2449.0,2429.0,2437.5,2437.5,5671800
2015-03-10,2440.0,2450.0,2415.0,2423.5,2423.5,5827000
2015-03-11,2416.0,2437.0,2415.0,2430.0,2430.0,5384500
2015-03-12,2426.5,2441.0,2413.0,2437.0,2437.0,6528500
2015-03-13,2451.0,2459.0,2432.5,2452.5,2452.5,9764700
2015-03-16,2448.0,2455.0,2428.0,2432.0,2432.0,4463300
2015-03-17,2450.0,2450.0,2430.5,2443.0,2443.0,3519300
2015-03-18,2440.0,2442.0,2420.0,2437.5,2437.5,4355100
2015-03-19,2439.0,2450.0,2424.0,2431.5,2431.5,4092500
2015-03-20,2431.0,2437.5,2418.0,2437.5,2437.5,3685900
2015-03-23,2450.5,2498.0,2450.5,2498.0,2498.0,6674200
2015-03-24,2490.0,2491.5,2463.0,2475.0,2475.0,5610500
2015-03-25,2475.0,2503.0,2468.5,2495.0,2495.0,6267700
2015-03-26,2491.5,2522.5,2476.5,2508.0,2508.0,7266400
2015-03-27,2475.0,2483.5,2424.0,2442.5,2442.5,6651800
2015-03-30,2436.0,2454.0,2388.0,2450.0,2450.0,4701300
2015-03-31,2477.0,2488.5,2420.5,2420.5,2420.5,5112800
2015-04-01,2401.0,2420.0,2381.5,2391.0,2391.0,5204100
2015-04-02,2406.0,2456.0,2401.5,2440.5,2440.5,6439200
2015-04-03,2446.0,2449.0,2403.0,2420.0,2420.0,4877000
2015-04-06,2390.0,2408.0,2375.0,2406.5,2406.5,3042700
2015-04-07,2437.5,2478.0,2435.5,2453.5,2453.5,5923100
2015-04-08,2458.0,2477.0,2455.0,2461.0,2461.0,4427600
2015-04-09,2462.0,2469.0,2433.0,2444.0,2444.0,3963000
2015-04-10,2445.0,2455.0,2418.0,2433.0,2433.0,4526900
2015-04-13,2437.0,2445.0,2421.0,2444.0,2444.0,2802300
2015-04-14,2422.0,2440.5,2420.5,2436.0,2436.0,3068500
2015-04-15,2433.0,2445.0,2423.0,2431.0,2431.0,3474800
2015-04-16,2428.0,2456.0,2420.0,2449.5,2449.5,5048300
2015-04-17,2453.0,2504.5,2451.0,2497.0,2497.0,7527100
2015-04-20,2470.0,2508.0,2454.5,2484.5,2484.5,4379700
2015-04-21,2502.0,2516.5,2486.5,2500.5,2500.5,4523800
2015-04-22,2500.0,2519.0,2491.5,2510.5,2510.5,4339900
2015-04-23,2520.0,2577.0,2519.5,2550.0,2550.0,7288200
2015-04-24,2560.0,2581.0,2536.5,2553.5,2553.5,6141000
2015-04-27,2545.0,2561.0,2533.0,2538.0,2538.0,4079100
2015-04-28,2550.0,2594.0,2545.0,2586.5,2586.5,6382600
2015-04-30,2582.0,2599.0,2567.0,2590.5,2590.5,7040100
2015-05-01,2568.0,2592.5,2538.5,2589.0,2589.0,6331800
2015-05-07,2555.0,2579.5,2547.0,2561.5,2561.5,6620000
2015-05-08,2582.5,2650.0,2553.0,2562.0,2562.0,10702800
2015-05-11,2555.0,2648.0,2550.5,2643.0,2643.0,10220200
2015-05-12,2650.0,2683.0,2647.5,2683.0,2683.0,6895900
2015-05-13,2670.0,2698.0,2644.5,2693.0,2693.0,6657400
2015-05-14,2693.0,2710.5,2676.0,2681.0,2681.0,5496500
2015-05-15,2690.5,2697.0,2668.0,2674.0,2674.0,4750600
2015-05-18,2687.0,2739.5,2682.5,2739.5,2739.5,5252800
2015-05-19,2739.5,2753.0,2725.5,2738.5,2738.5,5645700
2015-05-20,2741.5,2744.5,2712.0,2712.0,2712.0,6817100
2015-05-21,2712.0,2747.5,2712.0,2737.0,2737.0,4554800
2015-05-22,2736.0,2766.0,2732.0,2766.0,2766.0,5261300
2015-05-25,2785.0,2809.5,2775.0,2806.0,2806.0,4983400
2015-05-26,2809.5,2830.0,2795.0,2825.0,2825.0,4199700
2015-05-27,2811.5,2816.5,2790.0,2811.0,2811.0,5773200
2015-05-28,2808.0,2811.0,2782.5,2789.0,2789.0,5820600
2015-05-29,2789.0,2802.5,2787.0,2787.0,2787.0,6239900
2015-06-01,2773.0,2807.5,2762.0,2805.0,2805.0,4780600
2015-06-02,2813.0,2818.0,2794.0,2795.5,2795.5,4910200
2015-06-03,2802.0,2837.0,2797.0,2829.0,2829.0,5345500
2015-06-04,2836.0,2837.0,2805.0,2824.5,2824.5,4520400
2015-06-05,2802.5,2805.5,2775.5,2784.0,2784.0,5841000
2015-06-08,2798.5,2799.0,2779.0,2792.0,2792.0,3962800
2015-06-09,2763.0,2797.0,2758.5,2758.5,2758.5,5608700
2015-06-10,2755.0,2795.0,2754.5,2755.0,2755.0,7303800
2015-06-11,2765.0,2812.0,2765.0,2812.0,2812.0,6221900
2015-06-12,2812.0,2814.5,2775.5,2797.5,2797.5,7809000
2015-06-15,2790.0,2806.5,2770.0,2797.0,2797.0,4588800
2015-06-16,2800.0,2816.5,2793.0,2805.5,2805.5,4718000
2015-06-17,2809.5,2814.5,2778.0,2781.0,2781.0,4664200
2015-06-18,2772.0,2776.5,2728.0,2736.0,2736.0,5965300
2015-06-19,2747.0,2784.0,2738.5,2773.0,2773.0,7222500
2015-06-22,2763.0,2781.5,2748.5,2776.0,2776.0,4143600
2015-06-23,2794.0,2816.5,2774.0,2800.0,2800.0,5731600
2015-06-24,2813.0,2824.5,2798.5,2798.5,2798.5,5469600
2015-06-25,2770.5,2807.0,2770.0,2795.0,2795.0,3301400
2015-06-26,2780.5,2784.5,2737.0,2751.5,2751.5,4339000
2015-06-29,2680.0,2722.5,2673.5,2691.0,2691.0,4617000
2015-06-30,2690.0,2710.0,2683.5,2692.0,2692.0,4762000
2015-07-01,2702.5,2712.5,2674.0,2682.0,2682.0,5038300
2015-07-02,2704.5,2736.0,2704.0,2727.5,2727.5,5440500
2015-07-03,2728.0,2759.5,2728.0,2742.5,2742.5,3806900
2015-07-06,2700.0,2711.5,2692.0,2697.0,2697.0,5147400
2015-07-07,2729.5,2730.0,2675.5,2679.0,2679.0,6176600
2015-07-08,2666.0,2668.0,2574.0,2579.0,2579.0,10607700
2015-07-09,2519.0,2591.5,2502.5,2590.0,2590.0,10878100
2015-07-10,2610.0,2644.5,2597.5,2616.0,2616.0,6598000
2015-07-13,2614.5,2667.5,2614.5,2650.5,2650.5,5267700
2015-07-14,2690.0,2726.0,2685.5,2711.5,2711.5,5270600
2015-07-15,2719.0,2725.0,2695.0,2695.0,2695.0,4694100
2015-07-16,2720.5,2725.5,2696.5,2723.5,2723.5,5821500
2015-07-17,2723.5,2742.5,2710.0,2742.5,2742.5,5124800
2015-07-21,2749.0,2749.5,2697.5,2710.0,2710.0,5486800
2015-07-22,2710.0,2723.0,2692.5,2707.5,2707.5,3544100
2015-07-23,2724.0,2724.0,2680.5,2701.5,2701.5,3681900
2015-07-24,2677.0,2677.5,2621.0,2624.0,2624.0,7430900
2015-07-27,2614.0,2626.0,2600.5,2606.5,2606.5,5842200
2015-07-28,2593.0,2602.0,2559.0,2582.5,2582.5,5888000
2015-07-29,2601.0,2638.5,2595.0,2620.0,2620.0,5665800
2015-07-30,2648.0,2674.0,2643.5,2666.5,2666.5,5597000
2015-07-31,2655.5,2693.0,2655.5,2679.5,2679.5,4672700
2015-08-03,2663.0,2666.5,2635.5,2648.5,2648.5,5188600
2015-08-04,2604.5,2609.5,2449.0,2467.0,2467.0,15745400
2015-08-05,2470.0,2475.0,2399.5,2426.5,2426.5,14029000
2015-08-06,2445.0,2451.0,2410.0,2410.0,2410.0,8142000
2015-08-07,2380.0,2438.5,2360.5,2434.0,2434.0,10960300
2015-08-10,2422.0,2445.5,2394.0,2440.0,2440.0,6369900
2015-08-11,2445.5,2468.5,2440.0,2450.0,2450.0,5437400
2015-08-12,2429.0,2440.5,2390.0,2402.5,2402.5,7580900
2015-08-13,2422.0,2434.0,2400.5,2428.5,2428.5,5385400
2015-08-14,2418.0,2418.5,2391.0,2395.0,2395.0,5015500
2015-08-17,2414.5,2417.5,2401.0,2413.5,2413.5,2814900
2015-08-18,2416.0,2441.5,2411.0,2429.0,2429.0,3142300
2015-08-19,2423.5,2441.0,2399.5,2402.5,2402.5,4127700
2015-08-20,2391.5,2392.0,2321.0,2328.5,2328.5,7866400
2015-08-21,2299.0,2348.0,2283.0,2317.0,2317.0,7713400
2015-08-24,2270.0,2307.5,2211.5,2211.5,2211.5,8070300
2015-08-25,2101.0,2205.5,2077.0,2083.5,2083.5,15928800
2015-08-26,2100.0,2153.5,2058.5,2145.5,2145.5,10680900
2015-08-27,2200.5,2215.0,2157.0,2162.0,2162.0,6914100
2015-08-28,2253.0,2336.5,2247.0,2296.0,2296.0,9232600
2015-08-31,2271.0,2298.0,2241.0,2255.0,2255.0,6753200
2015-09-01,2259.0,2310.0,2199.5,2199.5,2199.5,6225800
2015-09-02,2155.0,2197.0,2140.0,2147.5,2147.5,6653600
2015-09-03,2169.5,2189.5,2152.5,2153.0,2153.0,3769800
2015-09-04,2180.0,2188.5,2104.5,2131.0,2131.0,5232500
2015-09-07,2100.0,2139.0,2081.5,2120.0,2120.0,5604700
2015-09-08,2128.0,2173.0,2122.5,2122.5,2122.5,5390100
2015-09-09,2194.5,2227.5,2169.5,2226.5,2226.5,6648700
2015-09-10,2194.0,2224.5,2180.5,2206.0,2206.0,5609900
2015-09-11,2192.5,2199.5,2168.0,2190.5,2190.5,7516000
2015-09-14,2192.0,2194.0,2133.5,2140.5,2140.5,3589900
2015-09-15,2147.0,2178.5,2116.5,2120.0,2120.0,5613900
2015-09-16,2158.0,2188.5,2140.5,2169.5,2169.5,3958300
2015-09-17,2212.5,2250.0,2184.5,2208.5,2208.5,5225500
2015-09-18,2185.0,2188.0,2127.0,2127.5,2127.5,7263900
2015-09-24,2109.0,2109.5,2063.0,2077.0,2077.0,7416200
2015-09-25,2087.5,2120.5,2066.5,2117.5,2117.5,5426700
2015-09-28,2085.0,2088.5,1993.5,2008.5,2008.5,9946200
2015-09-29,1975.0,1975.0,1887.5,1897.5,1897.5,13032600
2015-09-30,1940.5,1964.5,1913.0,1953.5,1953.5,6742400
2015-10-01,1975.0,1991.5,1941.5,1974.5,1974.5,6036500
2015-10-02,1949.0,1961.0,1918.0,1953.0,1953.0,5262300
2015-10-05,2000.0,2075.0,1995.0,2054.0,2054.0,6963100
2015-10-06,2107.0,2123.5,2060.5,2068.5,2068.5,5383000
2015-10-07,2130.0,2229.5,2124.5,2219.0,2219.0,11143200
2015-10-08,2185.5,2245.5,2185.5,2203.0,2203.0,6668500
2015-10-09,2250.0,2297.0,2250.0,2289.5,2289.5,8701000
2015-10-13,2260.0,2277.5,2217.0,2231.5,2231.5,6307800
2015-10-14,2190.0,2200.5,2140.0,2160.5,2160.5,6645500
2015-10-15,2142.0,2186.5,2123.5,2179.5,2179.5,5680800
2015-10-16,2200.0,2213.0,2175.5,2185.0,2185.0,4314700
2015-10-19,2187.5,2198.0,2131.5,2141.0,2141.0,4389800
2015-10-20,2120.5,2164.5,2108.0,2159.5,2159.5,4874100
2015-10-21,2169.0,2236.5,2169.0,2230.5,2230.5,4890700
2015-10-22,2216.0,2259.5,2200.0,2214.5,2214.5,4530500
2015-10-23,2285.0,2292.0,2256.5,2261.0,2261.0,5556400
2015-10-26,2295.0,2300.0,2265.0,2269.0,2269.0,4093100
2015-10-27,2255.0,2257.5,2192.0,2195.0,2195.0,6501100
2015-10-28,2203.0,2212.5,2187.0,2199.0,2199.0,4227500
2015-10-29,2227.5,2228.0,2200.0,2214.5,2214.5,4359600
2015-10-30,2215.0,2230.0,2185.0,2212.5,2212.5,5089800
2015-11-02,2180.0,2181.5,2140.5,2152.0,2152.0,5118200
2015-11-04,2186.0,2199.5,2167.0,2169.0,2169.0,8384900
2015-11-05,2175.0,2224.5,2024.0,2034.5,2034.5,15371000
2015-11-06,2024.5,2033.5,1973.5,2025.0,2025.0,18541700
2015-11-09,2037.5,2098.0,2036.5,2098.0,2098.0,8623300
2015-11-10,2060.0,2079.0,2031.5,2053.5,2053.5,9409500
2015-11-11,2065.0,2094.0,2059.5,2088.0,2088.0,6896800
2015-11-12,2060.5,2090.0,2060.0,2083.5,2083.5,5242200
2015-11-13,2053.0,2057.0,2032.5,2050.5,2050.5,6795400
2015-11-16,2002.0,2047.0,2000.0,2035.0,2035.0,4810100
2015-11-17,2073.0,2103.5,2061.0,2073.0,2073.0,7446300
2015-11-18,2071.0,2094.0,2057.0,2064.0,2064.0,4885700
2015-11-19,2094.0,2125.0,2088.0,2098.0,2098.0,6385700
2015-11-20,2089.0,2096.5,2066.5,2096.5,2096.5,4752100
2015-11-24,2106.0,2109.0,2087.5,2105.0,2105.0,4575300
2015-11-25,2091.0,2116.5,2091.0,2106.0,2106.0,4722200
2015-11-26,2120.0,2128.5,2106.0,2113.5,2113.5,3649900
2015-11-27,2119.5,2133.5,2110.5,2114.5,2114.5,4676600
2015-11-30,2110.0,2116.5,2064.5,2072.0,2072.0,7686700
2015-12-01,2074.0,2130.0,2074.0,2119.5,2119.5,5598600
2015-12-02,2120.0,2133.0,2106.0,2106.0,2106.0,4046200
2015-12-03,2089.5,2115.0,2081.5,2110.5,2110.5,5680200
2015-12-04,2077.0,2084.5,2066.5,2075.0,2075.0,5323200
2015-12-07,2070.0,2072.5,2046.5,2055.5,2055.5,6921100
2015-12-08,2052.5,2063.0,2006.5,2014.0,2014.0,8032200
2015-12-09,2005.0,2024.0,1993.5,2003.0,2003.0,7915000
2015-12-10,1981.0,2018.5,1973.5,1994.5,1994.5,9189900
2015-12-11,2018.0,2032.0,2006.5,2031.0,2031.0,9049100
2015-12-14,1980.0,1994.5,1966.0,1986.5,1986.5,8111000
2015-12-15,1993.0,2010.0,1971.0,1972.0,1972.0,7638100
2015-12-16,2000.0,2026.0,1991.5,2014.5,2014.5,6338300
2015-12-17,2046.0,2061.5,2016.5,2022.5,2022.5,6469700
2015-12-18,2018.0,2055.0,1977.5,1980.0,1980.0,9445600
2015-12-21,1974.5,2012.0,1967.5,1998.0,1998.0,7376600
2015-12-22,1996.5,1998.5,1951.5,1953.0,1953.0,7689600
2015-12-24,1984.5,2024.0,1978.0,2003.5,2003.5,7319800
2015-12-25,1991.0,2009.5,1957.0,1963.0,1963.0,6659700
2015-12-28,1975.0,2033.0,1972.5,2024.5,2024.5,4691500
2015-12-29,2026.5,2046.0,2000.0,2040.0,2040.0,3669800
2015-12-30,2050.0,2067.5,2028.0,2028.0,2028.0,4272800
2016-01-04,2019.5,2052.0,2000.5,2012.5,2012.5,5023700
2016-01-05,2008.0,2042.0,2008.0,2023.0,2023.0,4997800
2016-01-06,2023.0,2049.5,1985.5,1998.5,1998.5,5779800
2016-01-07,1990.5,1993.5,1945.0,1945.0,1945.0,7538300
2016-01-08,1922.5,1975.0,1922.5,1940.5,1940.5,6411700
2016-01-12,1911.0,1936.0,1861.5,1861.5,1861.5,10351000
2016-01-13,1894.0,1926.0,1891.0,1909.5,1909.5,8587700
2016-01-14,1850.0,1861.0,1814.5,1855.0,1855.0,12266700
2016-01-15,1884.0,1900.0,1861.0,1872.0,1872.0,8471900
2016-01-18,1827.5,1869.5,1821.5,1858.5,1858.5,5987200
2016-01-19,1847.0,1872.5,1835.0,1855.5,1855.5,5167900
2016-01-20,1846.0,1849.0,1790.0,1794.0,1794.0,9392600
2016-01-21,1801.5,1819.5,1722.0,1722.5,1722.5,10003800
2016-01-22,1788.0,1834.0,1772.0,1828.5,1828.5,7132000
2016-01-25,1855.0,1874.0,1820.5,1866.0,1866.0,5654800
2016-01-26,1834.5,1835.0,1792.0,1796.5,1796.5,4669200
2016-01-27,1845.0,1866.0,1829.5,1851.5,1851.5,7449100
2016-01-28,1852.0,1866.0,1834.0,1840.0,1840.0,5291500
2016-01-29,1858.0,1920.0,1813.0,1905.5,1905.5,9455300
2016-02-01,1923.5,1956.5,1914.5,1941.0,1941.0,7498400
2016-02-02,1920.5,1933.5,1883.5,1893.5,1893.5,7658500
2016-02-03,1800.0,1814.0,1748.0,1763.0,1763.0,12012900
2016-02-04,1763.0,1848.5,1762.5,1823.5,1823.5,9659600
2016-02-05,1800.0,1872.5,1795.0,1866.0,1866.0,7487300
2016-02-08,1841.5,1882.0,1836.5,1869.5,1869.5,5277500
2016-02-09,1790.5,1798.5,1728.0,1734.0,1734.0,10255800
2016-02-10,1733.5,1734.0,1637.0,1658.0,1658.0,9454600
2016-02-12,1600.0,1619.0,1565.0,1567.0,1567.0,10794800
2016-02-15,1650.0,1752.0,1642.5,1730.5,1730.5,9201300
2016-02-16,1710.0,1811.5,1710.0,1784.0,1784.0,6933200
2016-02-17,1782.5,1803.5,1711.0,1736.5,1736.5,7704600
2016-02-18,1803.5,1904.5,1802.0,1886.0,1886.0,12622900
2016-02-19,1858.0,1879.5,1813.0,1866.0,1866.0,8537400
2016-02-22,1853.0,1903.5,1840.0,1872.0,1872.0,5643800
2016-02-23,1933.5,1960.0,1902.5,1911.0,1911.0,9478100
2016-02-24,1860.0,1867.0,1820.5,1855.0,1855.0,7538300
2016-02-25,1859.0,1897.5,1848.5,1880.0,1880.0,6032900
2016-02-26,1901.0,1910.5,1835.0,1844.0,1844.0,7280800
2016-02-29,1866.0,1869.0,1807.0,1807.0,1807.0,7259400
2016-03-01,1807.0,1834.0,1776.0,1807.5,1807.5,4880500
2016-03-02,1870.0,1923.0,1857.5,1912.5,1912.5,7179400
2016-03-03,1935.0,2015.0,1927.5,2012.5,2012.5,12071200
2016-03-04,2014.5,2068.0,2003.5,2053.5,2053.5,8999700
2016-03-07,2063.5,2074.5,2033.0,2060.5,2060.5,6889500
2016-03-08,2077.0,2104.0,2023.5,2041.5,2041.5,9039900
2016-03-09,1991.5,2013.0,1963.5,2007.0,2007.0,5751900
2016-03-10,2028.0,2046.0,2016.5,2042.0,2042.0,5129200
2016-03-11,1975.0,2087.0,1975.0,2074.0,2074.0,9823200
2016-03-14,2097.0,2097.5,2070.5,2079.5,2079.5,4615500
2016-03-15,2073.5,2081.0,2037.5,2050.5,2050.5,5439000
2016-03-16,2022.5,2043.0,2011.0,2019.5,2019.5,4374400
2016-03-17,2049.0,2066.5,2000.5,2018.0,2018.0,5834800
2016-03-18,2028.0,2057.5,2005.0,2036.0,2036.0,5948100
2016-03-22,2073.5,2086.0,2034.0,2050.0,2050.0,5539700
2016-03-23,2047.0,2053.5,2000.0,2001.5,2001.5,4969400
2016-03-24,1900.0,1952.5,1873.0,1920.0,1920.0,14141000
2016-03-25,1921.5,1991.5,1913.0,1981.0,1981.0,8590000
2016-03-28,1981.0,1987.0,1956.5,1982.5,1982.5,5081300
2016-03-29,1954.5,1994.0,1945.0,1991.5,1991.5,6693500
2016-03-30,1966.0,1970.5,1936.0,1936.0,1936.0,4724000
2016-03-31,1930.0,1942.5,1906.0,1906.0,1906.0,6246200
2016-04-01,1893.5,1899.0,1833.5,1839.5,1839.5,7462800
2016-04-04,1840.0,1897.0,1834.5,1862.0,1862.0,4391500
2016-04-05,1822.0,1839.0,1775.0,1776.5,1776.5,8457000
2016-04-06,1766.5,1793.5,1751.5,1758.0,1758.0,4729100
2016-04-07,1774.5,1795.0,1750.0,1775.5,1775.5,3882800
2016-04-08,1745.0,1817.0,1732.0,1790.5,1790.5,5628700
2016-04-11,1790.5,1794.0,1755.0,1789.0,1789.0,4732500
2016-04-12,1792.5,1849.5,1792.0,1843.0,1843.0,4645000
2016-04-13,1896.0,1925.0,1862.0,1920.0,1920.0,7253300
2016-04-14,1949.0,1994.5,1948.0,1994.5,1994.5,6582100
2016-04-15,1969.0,1996.5,1966.0,1984.5,1984.5,4235300
2016-04-18,1864.5,1920.0,1858.0,1892.0,1892.0,7557200
2016-04-19,1959.0,1970.5,1932.0,1946.0,1946.0,5318100
2016-04-20,1975.0,1983.0,1916.5,1935.5,1935.5,6927800
2016-04-21,1940.5,1990.0,1933.5,1970.5,1970.5,9291500
2016-04-22,1950.0,1967.5,1922.0,1965.0,1965.0,8388800
2016-04-25,1977.5,1984.0,1940.5,1961.5,1961.5,3674900
2016-04-26,1948.0,1969.5,1892.5,1912.5,1912.5,7383500
2016-04-27,1897.0,1935.0,1895.5,1924.0,1924.0,5365600
2016-04-28,1954.0,1983.0,1858.0,1863.0,1863.0,7840700
2016-05-02,1764.0,1786.5,1762.0,1779.5,1779.5,9276300
2016-05-06,1782.0,1793.0,1754.0,1764.0,1764.0,5995300
2016-05-09,1762.0,1784.5,1754.5,1767.0,1767.0,5056900
2016-05-10,1765.0,1845.0,1751.5,1798.0,1798.0,11085100
2016-05-11,1842.5,1863.0,1812.0,1820.0,1820.0,6008900
2016-05-12,1833.5,1864.5,1808.5,1858.5,1858.5,7410900
2016-05-13,1880.0,1882.0,1822.0,1822.5,1822.5,6157000
2016-05-16,1830.5,1860.0,1823.0,1835.5,1835.5,4080300
2016-05-17,1855.0,1873.0,1846.0,1867.0,1867.0,5182800
2016-05-18,1870.0,1931.5,1867.5,1920.0,1920.0,7647400
2016-05-19,1930.5,1935.5,1870.5,1888.0,1888.0,5822500
2016-05-20,1875.0,1884.5,1855.0,1878.0,1878.0,5098000
2016-05-23,1881.5,1894.5,1842.5,1881.5,1881.5,3796200
2016-05-24,1876.5,1876.5,1850.0,1870.0,1870.0,3689200
2016-05-25,1898.0,1906.0,1888.5,1894.0,1894.0,3944800
2016-05-26,1934.0,1934.5,1896.5,1902.5,1902.5,4097100
2016-05-27,1914.0,1925.0,1903.5,1919.5,1919.5,2970200
2016-05-30,1940.0,1946.5,1927.5,1936.5,1936.5,3832800
2016-05-31,1936.5,1967.0,1920.0,1967.0,1967.0,16452500
2016-06-01,1951.0,1969.5,1940.5,1953.0,1953.0,4714600
2016-06-02,1930.0,1944.0,1891.0,1903.0,1903.0,4690200
2016-06-03,1912.5,1919.0,1897.5,1906.5,1906.5,2634700
2016-06-06,1895.5,1922.0,1875.5,1916.5,1916.5,4207200
2016-06-07,1938.5,1954.5,1924.0,1942.0,1942.0,5572700
2016-06-08,1949.0,1956.0,1923.5,1956.0,1956.0,3728100
2016-06-09,1941.5,1965.5,1934.0,1944.0,1944.0,3317000
2016-06-10,1932.0,1933.5,1903.5,1922.0,1922.0,6068300
2016-06-13,1870.5,1875.5,1831.0,1831.0,1831.0,4835100
2016-06-14,1807.0,1841.5,1785.5,1805.5,1805.5,5793100
2016-06-15,1792.5,1803.0,1772.5,1789.0,1789.0,4710100
2016-06-16,1790.5,1795.0,1726.5,1737.5,1737.5,5442000
2016-06-17,1755.0,1776.0,1738.0,1750.5,1750.5,8170000
2016-06-20,1794.0,1812.0,1780.5,1800.5,1800.5,4819200
2016-06-21,1790.0,1815.0,1770.0,1803.0,1803.0,3861500
2016-06-22,1805.0,1809.0,1783.0,1794.5,1794.5,2946100
2016-06-23,1819.5,1864.5,1809.5,1851.5,1851.5,5189500
2016-06-24,1868.0,1877.0,1718.5,1742.0,1742.0,10571800
2016-06-27,1759.0,1775.5,1710.0,1732.0,1732.0,5731000
2016-06-28,1710.0,1740.0,1679.5,1728.0,1728.0,5575100
2016-06-29,1768.0,1797.5,1743.5,1786.5,1786.5,4948400
2016-06-30,1809.5,1822.5,1788.0,1788.0,1788.0,5669000
2016-07-01,1805.5,1808.0,1782.0,1797.0,1797.0,3441800
2016-07-04,1799.0,1831.0,1786.5,1824.0,1824.0,2952400
2016-07-05,1812.5,1825.0,1797.0,1815.5,1815.5,2742300
2016-07-06,1784.5,1787.5,1751.0,1783.0,1783.0,4344300
2016-07-07,1783.5,1800.5,1759.0,1767.0,1767.0,3416600
2016-07-08,1780.0,1793.0,1748.0,1748.0,1748.0,3668600
2016-07-11,1803.5,1860.0,1800.0,1846.5,1846.5,6339500
2016-07-12,1886.5,1907.5,1858.0,1860.0,1860.0,5506700
2016-07-13,1920.0,1939.5,1918.0,1926.0,1926.0,6091200
2016-07-14,1911.5,1938.0,1907.5,1923.5,1923.5,3532100
2016-07-15,1939.5,1948.0,1923.0,1940.0,1940.0,5251900
2016-07-19,1940.0,1943.0,1921.0,1935.0,1935.0,4130600
2016-07-20,1928.0,1931.0,1894.5,1910.0,1910.0,4359000
2016-07-21,1940.0,1952.5,1913.0,1922.5,1922.5,4383000
2016-07-22,1894.0,1923.0,1894.0,1914.5,1914.5,2997400
2016-07-25,1918.5,1919.0,1889.0,1891.5,1891.5,3295800
2016-07-26,1869.0,1871.5,1825.5,1836.5,1836.5,5209800
2016-07-27,1836.0,1848.0,1807.5,1815.5,1815.5,6960600
2016-07-28,1829.5,1829.5,1802.0,1807.0,1807.0,3603400
2016-07-29,1798.0,1798.5,1746.5,1778.5,1778.5,9123100
2016-08-01,1749.0,1768.0,1730.5,1765.5,1765.5,5392300
2016-08-02,1750.0,1782.5,1750.0,1751.5,1751.5,6014900
2016-08-03,1831.5,1887.5,1815.0,1843.5,1843.5,13235500
2016-08-04,1883.5,1935.0,1877.0,1930.5,1930.5,10890700
2016-08-05,1926.5,1972.5,1918.0,1962.0,1962.0,8036600
2016-08-08,1988.0,2003.0,1972.0,2002.5,2002.5,6413500
2016-08-09,2010.0,2065.5,2009.0,2053.0,2053.0,6201200
2016-08-10,2023.0,2058.0,2023.0,2057.5,2057.5,4904900
2016-08-12,2080.0,2085.0,2063.0,2075.0,2075.0,4520200
2016-08-15,2063.0,2074.0,2039.5,2046.0,2046.0,2535100
2016-08-16,2066.0,2070.0,2014.5,2014.5,2014.5,4303800
2016-08-17,2010.5,2079.5,2008.5,2073.0,2073.0,4863600
2016-08-18,2070.0,2091.0,2048.0,2074.5,2074.5,4632900
2016-08-19,2100.0,2187.0,2099.0,2150.0,2150.0,10380700
2016-08-22,2108.5,2160.0,2092.0,2152.0,2152.0,8163400
2016-08-23,2116.0,2123.0,2094.5,2101.0,2101.0,4845900
2016-08-24,2125.0,2146.5,2117.0,2121.0,2121.0,3480400
2016-08-25,2099.5,2129.0,2099.0,2117.0,2117.0,3835600
2016-08-26,2102.0,2116.0,2091.0,2100.0,2100.0,3848200
2016-08-29,2150.0,2164.5,2135.5,2139.0,2139.0,3864400
2016-08-30,2134.0,2149.0,2123.0,2134.5,2134.5,2948400
2016-08-31,2153.5,2180.0,2149.5,2155.5,2155.5,4864400
2016-09-01,2154.5,2163.5,2146.5,2163.5,2163.5,4065400
2016-09-02,2153.0,2161.0,2137.0,2146.5,2146.5,2865100
2016-09-05,2182.0,2229.5,2163.0,2219.5,2219.5,6499300
2016-09-06,2203.0,2225.0,2195.5,2200.5,2200.5,4480100
2016-09-07,2171.0,2199.5,2170.0,2197.0,2197.0,4612900
2016-09-08,2210.0,2220.0,2191.5,2207.5,2207.5,4821000
2016-09-09,2218.0,2230.0,2209.0,2216.0,2216.0,6003000
2016-09-12,2184.0,2190.5,2152.0,2176.0,2176.0,4011000
2016-09-13,2172.5,2182.5,2127.0,2139.5,2139.5,5089100
2016-09-14,2106.0,2123.5,2090.0,2098.5,2098.5,4782000
2016-09-15,2088.0,2109.0,2080.5,2094.5,2094.5,4477300
2016-09-16,2094.5,2110.0,2056.0,2065.5,2065.5,6460900
2016-09-20,2063.5,2124.0,2062.0,2124.0,2124.0,5338900
2016-09-21,2101.0,2157.0,2076.0,2156.0,2156.0,7196400
2016-09-23,2170.0,2185.5,2137.5,2174.0,2174.0,5671900
2016-09-26,2163.5,2165.0,2140.0,2150.5,2150.5,3454500
2016-09-27,2129.5,2164.5,2097.0,2164.5,2164.5,5298900
2016-09-28,2173.5,2198.0,2152.5,2191.5,2191.5,7378500
2016-09-29,2265.0,2293.5,2250.0,2272.0,2272.0,9116100
2016-09-30,2258.0,2296.5,2249.0,2285.0,2285.0,8248600
2016-10-03,2268.0,2307.0,2263.0,2298.0,2298.0,5703800
2016-10-04,2307.5,2318.5,2276.0,2294.0,2294.0,4201300
2016-10-05,2303.0,2306.0,2276.0,2284.5,2284.5,3924800
2016-10-06,2310.0,2336.5,2309.0,2317.5,2317.5,5650300
2016-10-07,2318.0,2318.5,2303.0,2317.5,2317.5,2738500
2016-10-11,2340.0,2372.5,2323.0,2355.5,2355.5,5443400
2016-10-12,2321.5,2370.5,2317.0,2352.5,2352.5,5080700
2016-10-13,2360.5,2379.5,2336.5,2352.0,2352.0,3828900
2016-10-14,2348.5,2366.0,2335.0,2363.0,2363.0,4067000
2016-10-17,2372.0,2400.0,2372.0,2385.5,2385.5,4751800
2016-10-18,2385.0,2401.0,2380.0,2401.0,2401.0,4229400
2016-10-19,2409.0,2419.5,2388.0,2411.5,2411.5,4537200
2016-10-20,2414.0,2459.5,2410.0,2450.0,2450.0,6351000
2016-10-21,2443.0,2449.0,2410.0,2410.5,2410.5,4613900
2016-10-24,2399.5,2408.0,2381.5,2403.5,2403.5,4431700
2016-10-25,2413.0,2416.0,2380.5,2389.5,2389.5,4259900
2016-10-26,2360.0,2374.5,2352.5,2362.0,2362.0,6361200
2016-10-27,2344.0,2358.5,2317.5,2319.5,2319.5,7939800
2016-10-28,2359.0,2359.5,2311.5,2317.5,2317.5,8518700
2016-10-31,2327.5,2337.0,2281.5,2291.0,2291.0,8315100
2016-11-01,2300.0,2347.0,2296.5,2346.0,2346.0,6560500
2016-11-02,2336.5,2377.0,2322.5,2349.0,2349.0,7335200
2016-11-04,2310.0,2325.0,2242.5,2252.0,2252.0,8873100
2016-11-07,2260.0,2281.0,2242.5,2280.5,2280.5,6735700
2016-11-08,2295.0,2320.0,2287.0,2319.0,2319.0,4767600
2016-11-09,2340.0,2353.5,2190.0,2229.5,2229.5,9883400
2016-11-10,2400.0,2405.0,2350.0,2390.5,2390.5,9196500
2016-11-11,2450.0,2475.0,2435.0,2462.5,2462.5,10016200
2016-11-14,2482.0,2505.5,2471.0,2495.5,2495.5,7851200
2016-11-15,2500.0,2523.0,2457.5,2485.5,2485.5,5937200
2016-11-16,2500.0,2508.5,2430.5,2443.0,2443.0,7762700
2016-11-17,2411.5,2438.0,2398.5,2403.5,2403.5,7225000
2016-11-18,2426.5,2433.5,2397.0,2410.0,2410.0,8461000
2016-11-21,2419.0,2444.5,2399.5,2441.5,2441.5,4833900
2016-11-22,2455.0,2476.0,2442.0,2472.5,2472.5,5471800
2016-11-24,2500.0,2500.0,2427.5,2440.0,2440.0,8652200
2016-11-25,2430.0,2456.0,2401.0,2410.0,2410.0,6142900
2016-11-28,2421.0,2487.5,2420.5,2487.0,2487.0,7348800
2016-11-29,2474.5,2498.5,2472.0,2498.0,2498.0,4557900
2016-11-30,2497.0,2498.5,2463.5,2471.5,2471.5,6250800
2016-12-01,2510.0,2539.0,2504.0,2516.0,2516.0,8198000
2016-12-02,2538.0,2560.0,2510.5,2526.0,2526.0,5364900
2016-12-05,2520.0,2558.0,2513.0,2557.5,2557.5,5972800
2016-12-06,2563.5,2575.0,2555.0,2566.5,2566.5,7760500
2016-12-07,2573.5,2592.5,2569.0,2592.5,2592.5,4960600
2016-12-08,2600.0,2621.5,2589.5,2621.5,2621.5,6968200
2016-12-09,2612.0,2627.5,2601.5,2624.5,2624.5,8199200
2016-12-12,2625.0,2627.0,2539.0,2550.0,2550.0,9109900
2016-12-13,2535.5,2592.5,2526.5,2592.5,2592.5,6644600
2016-12-14,2593.0,2593.0,2517.0,2550.0,2550.0,6836800
2016-12-15,2524.5,2559.5,2524.5,2547.5,2547.5,5979500
2016-12-16,2565.0,2582.0,2558.0,2577.5,2577.5,5800100
2016-12-19,2558.0,2566.0,2542.5,2563.0,2563.0,3192300
2016-12-20,2560.0,2574.0,2541.5,2563.5,2563.5,4591900
2016-12-21,2585.0,2603.0,2564.0,2576.0,2576.0,5448100
2016-12-22,2578.0,2591.0,2559.5,2589.0,2589.0,4000200
2016-12-26,2585.0,2587.0,2521.0,2522.5,2522.5,6076200
2016-12-27,2514.0,2559.0,2512.0,2521.0,2521.0,3781200
2016-12-28,2518.0,2557.5,2506.5,2537.5,2537.5,2745000
2016-12-29,2514.5,2519.5,2497.5,2516.5,2516.5,3551200
2016-12-30,2496.5,2498.5,2472.5,2490.0,2490.0,4436000
2017-01-04,2511.0,2564.5,2507.0,2559.5,2559.5,5176400
2017-01-05,2569.0,2569.0,2534.5,2547.5,2547.5,3575400
2017-01-06,2529.0,2552.5,2526.0,2545.5,2545.5,2880700
2017-01-10,2541.0,2558.0,2525.0,2528.5,2528.5,4722000
2017-01-11,2539.5,2579.5,2539.5,2565.5,2565.5,4255300
2017-01-12,2558.5,2562.0,2534.0,2561.0,2561.0,3705200
2017-01-13,2545.5,2557.5,2532.0,2550.0,2550.0,3956800
2017-01-16,2542.0,2569.0,2540.5,2560.5,2560.5,3577000
2017-01-17,2561.0,2562.0,2504.0,2504.0,2504.0,3789900
2017-01-18,2504.0,2545.0,2496.0,2537.0,2537.0,3608100
2017-01-19,2557.0,2575.0,2542.0,2560.0,2560.0,3896500
2017-01-20,2578.5,2586.5,2552.5,2557.5,2557.5,4799100
2017-01-23,2540.0,2567.5,2515.0,2554.5,2554.5,4330900
2017-01-24,2589.0,2620.0,2567.5,2585.5,2585.5,6347500
2017-01-25,2615.0,2623.5,2562.5,2585.5,2585.5,5638700
2017-01-26,2605.5,2636.0,2595.0,2619.0,2619.0,6117000
2017-01-27,2640.0,2648.5,2604.0,2615.0,2615.0,3319700
2017-01-30,2610.0,2615.0,2580.0,2601.5,2601.5,3172300
2017-01-31,2555.0,2578.5,2538.0,2549.5,2549.5,5636800
2017-02-01,2533.0,2577.5,2506.0,2573.0,2573.0,3627200
2017-02-02,2583.0,2705.5,2531.5,2627.5,2627.5,12491100
2017-02-03,2605.0,2638.0,2558.0,2564.0,2564.0,7480300
2017-02-06,2575.0,2588.5,2530.5,2535.0,2535.0,6693100
2017-02-07,2539.5,2561.5,2520.0,2541.0,2541.0,4562000
2017-02-08,2564.0,2587.0,2551.5,2584.0,2584.0,4747100
2017-02-09,2567.0,2577.0,2545.0,2553.5,2553.5,4072800
2017-02-10,2588.0,2589.5,2537.0,2546.0,2546.0,8388000
2017-02-13,2570.0,2578.5,2557.0,2568.0,2568.0,4979600
2017-02-14,2577.0,2586.0,2557.5,2561.0,2561.0,5515800
2017-02-15,2589.5,2657.0,2573.5,2651.0,2651.0,8848300
2017-02-16,2640.0,2664.0,2625.5,2632.0,2632.0,4656000
2017-02-17,2620.0,2642.0,2607.0,2612.5,2612.5,3865200
2017-02-20,2610.0,2621.0,2598.0,2609.5,2609.5,2818000
2017-02-21,2609.5,2619.5,2603.0,2607.0,2607.0,2462200
2017-02-22,2607.5,2618.5,2596.0,2608.0,2608.0,4196400
2017-02-23,2622.0,2642.5,2606.0,2618.5,2618.5,5269800
2017-02-24,2606.0,2607.5,2572.0,2573.5,2573.5,6004200
2017-02-27,2550.0,2562.0,2532.5,2543.0,2543.0,4757700
2017-02-28,2558.0,2568.5,2534.5,2534.5,2534.5,4802500
2017-03-01,2557.5,2587.5,2533.0,2559.5,2559.5,4722700
2017-03-02,2585.5,2585.5,2559.5,2561.0,2561.0,5319900
2017-03-03,2552.5,2565.0,2547.5,2561.0,2561.0,5450900
2017-03-06,2557.0,2557.0,2531.5,2531.5,2531.5,3905100
2017-03-07,2545.0,2560.0,2530.0,2536.0,2536.0,4216600
2017-03-08,2532.0,2540.5,2508.0,2520.0,2520.0,5099700
2017-03-09,2519.0,2520.5,2503.0,2512.0,2512.0,4175800
2017-03-10,2510.0,2518.5,2494.5,2506.5,2506.5,7723900
2017-03-13,2504.0,2523.5,2496.5,2510.5,2510.5,4764000
2017-03-14,2508.0,2521.0,2500.0,2501.0,2501.0,4662600
2017-03-15,2498.0,2498.0,2474.0,2477.0,2477.0,5065300
2017-03-16,2477.0,2494.5,2472.5,2477.0,2477.0,5092300
2017-03-17,2477.0,2487.0,2471.0,2472.0,2472.0,9500000
2017-03-21,2472.5,2506.5,2472.0,2491.0,2491.0,3764000
2017-03-22,2465.0,2468.5,2427.5,2427.5,2427.5,6284800
2017-03-23,2427.5,2438.0,2421.0,2430.0,2430.0,4009900
2017-03-24,2430.0,2455.5,2426.5,2446.5,2446.5,3913000
2017-03-27,2434.5,2434.5,2415.0,2422.5,2422.5,3514600
2017-03-28,2466.5,2469.5,2448.0,2465.0,2465.0,4572200
2017-03-29,2465.0,2469.5,2447.0,2456.0,2456.0,5578000
2017-03-30,2434.0,2468.5,2432.0,2435.0,2435.0,3708200
2017-03-31,2451.0,2458.0,2405.5,2405.5,2405.5,4757100
2017-04-03,2404.5,2415.5,2358.0,2366.0,2366.0,6855400
2017-04-04,2366.0,2418.5,2349.5,2397.5,2397.5,7442500
2017-04-05,2421.5,2444.5,2407.0,2433.5,2433.5,5772300
2017-04-06,2430.0,2445.5,2403.5,2412.0,2412.0,4507900
2017-04-07,2422.5,2463.0,2408.5,2447.0,2447.0,6262500
2017-04-10,2462.0,2497.5,2451.0,2491.5,2491.5,4563500
2017-04-11,2461.5,2481.0,2431.5,2437.0,2437.0,4224300
2017-04-12,2420.5,2428.0,2390.0,2399.0,2399.0,4566400
2017-04-13,2357.5,2357.5,2310.0,2337.0,2337.0,6705100
2017-04-14,2338.5,2345.5,2320.0,2336.5,2336.5,3758700
2017-04-17,2319.0,2333.0,2308.0,2332.5,2332.5,2683300
2017-04-18,2350.5,2362.0,2318.5,2324.5,2324.5,2871700
2017-04-19,2299.5,2306.5,2275.5,2297.0,2297.0,5295900
2017-04-20,2285.0,2299.0,2275.5,2282.5,2282.5,4650200
2017-04-21,2317.0,2317.0,2281.5,2299.0,2299.0,5083700
2017-04-24,2326.0,2334.0,2313.0,2316.0,2316.0,3519900
2017-04-25,2316.0,2363.5,2315.0,2356.0,2356.0,4198100
2017-04-26,2379.5,2406.5,2365.5,2405.0,2405.0,5031200
2017-04-27,2394.5,2403.0,2383.5,2396.5,2396.5,2928100
2017-04-28,2389.0,2417.5,2382.0,2403.5,2403.5,4727500
2017-05-01,2400.0,2429.0,2394.5,2425.5,2425.5,2475200
2017-05-02,2425.0,2449.5,2420.0,2437.5,2437.5,4674600
2017-05-08,2441.5,2482.5,2441.5,2462.5,2462.5,7185200
2017-05-09,2462.5,2480.0,2401.0,2409.0,2409.0,8455400
2017-05-10,2433.0,2433.5,2361.5,2364.0,2364.0,9770400
2017-05-11,2365.0,2365.0,2327.0,2339.5,2339.5,8218000
2017-05-12,2330.0,2339.5,2302.5,2311.0,2311.0,7342500
2017-05-15,2314.0,2319.0,2283.5,2296.5,2296.5,5329300
2017-05-16,2315.0,2326.0,2307.0,2314.0,2314.0,4916400
2017-05-17,2295.0,2295.0,2258.0,2264.0,2264.0,7621800
2017-05-18,2221.0,2227.5,2208.5,2213.5,2213.5,9028300
2017-05-19,2215.0,2280.0,2214.5,2272.0,2272.0,7450900
2017-05-22,2289.0,2290.0,2254.5,2263.5,2263.5,4954000
2017-05-23,2259.0,2266.5,2243.5,2249.0,2249.0,3090400
2017-05-24,2269.0,2273.5,2245.5,2255.0,2255.0,4031200
2017-05-25,2250.0,2255.5,2236.0,2245.5,2245.5,3382500
2017-05-26,2249.0,2262.0,2228.0,2228.5,2228.5,4060100
2017-05-29,2232.0,2241.5,2227.0,2229.0,2229.0,2608800
2017-05-30,2229.5,2240.0,2214.5,2233.0,2233.0,4097700
2017-05-31,2230.0,2237.0,2214.0,2218.0,2218.0,4726300
2017-06-01,2217.5,2244.5,2216.0,2235.5,2235.5,5310900
2017-06-02,2254.5,2309.0,2253.5,2308.0,2308.0,7521200
2017-06-05,2275.0,2279.0,2229.0,2235.5,2235.5,10554100
2017-06-06,2236.5,2265.0,2235.5,2251.5,2251.5,7344100
2017-06-07,2253.5,2273.0,2240.0,2270.0,2270.0,5486900
2017-06-08,2281.5,2290.0,2261.5,2264.0,2264.0,5678900
2017-06-09,2261.5,2277.5,2252.0,2270.0,2270.0,6722300
2017-06-12,2285.5,2315.5,2282.5,2298.5,2298.5,5801300
2017-06-13,2289.0,2310.5,2280.5,2293.0,2293.0,5719200
2017-06-14,2283.0,2287.5,2268.0,2275.0,2275.0,5190100
2017-06-15,2279.0,2292.0,2253.5,2254.0,2254.0,6256900
2017-06-16,2252.0,2273.0,2247.0,2264.5,2264.5,10052400
2017-06-19,2264.0,2268.0,2248.5,2262.0,2262.0,2522800
2017-06-20,2280.5,2305.0,2279.5,2286.5,2286.5,4927700
2017-06-21,2274.5,2284.0,2259.0,2266.5,2266.5,5413100
2017-06-22,2260.0,2263.5,2254.0,2254.5,2254.5,4234400
2017-06-23,2264.5,2272.0,2252.5,2255.5,2255.5,3778200
2017-06-26,2272.0,2280.0,2262.0,2262.5,2262.5,3410400
2017-06-27,2275.5,2312.0,2275.0,2292.5,2292.5,5058700
2017-06-28,2295.0,2341.0,2295.0,2334.5,2334.5,6440300
2017-06-29,2375.0,2384.5,2349.0,2360.5,2360.5,5915700
2017-06-30,2346.5,2377.5,2345.0,2356.0,2356.0,5829000
2017-07-03,2370.0,2379.0,2352.0,2373.0,2373.0,4359500
2017-07-04,2393.5,2400.0,2369.0,2376.0,2376.0,4979400
2017-07-05,2389.0,2416.0,2388.0,2416.0,2416.0,6475800
2017-07-06,2401.0,2404.5,2382.0,2387.0,2387.0,5405400
2017-07-07,2375.5,2410.0,2374.0,2396.0,2396.0,4875600
2017-07-10,2414.0,2425.0,2384.5,2390.5,2390.5,3645100
2017-07-11,2380.5,2386.0,2358.5,2378.0,2378.0,5041200
2017-07-12,2383.0,2397.5,2379.0,2386.5,2386.5,3503100
2017-07-13,2383.5,2395.5,2358.0,2393.5,2393.5,3553200
2017-07-14,2409.5,2426.0,2402.5,2420.5,2420.5,4783800
2017-07-18,2407.0,2410.0,2383.0,2400.5,2400.5,3252400
2017-07-19,2385.0,2403.0,2376.0,2401.5,2401.5,3142800
2017-07-20,2404.0,2425.0,2395.0,2423.5,2423.5,3043100
2017-07-21,2413.5,2415.0,2397.0,2409.0,2409.0,2604000
2017-07-24,2400.0,2402.0,2378.5,2385.0,2385.0,3030700
2017-07-25,2377.5,2386.5,2371.5,2372.0,2372.0,2565900
2017-07-26,2394.5,2395.0,2381.0,2385.0,2385.0,2987200
2017-07-27,2392.0,2393.0,2373.0,2381.0,2381.0,3198400
2017-07-28,2382.5,2402.0,2379.0,2395.5,2395.5,3475800
2017-07-31,2395.0,2414.0,2383.5,2396.5,2396.5,4053000
2017-08-01,2412.0,2440.0,2403.5,2439.0,2439.0,5372800
2017-08-02,2451.0,2470.5,2439.5,2459.0,2459.0,7797000
2017-08-03,2476.0,2538.0,2470.5,2535.5,2535.5,12457800
2017-08-04,2549.0,2577.0,2548.0,2564.5,2564.5,8095300
2017-08-07,2565.0,2575.5,2558.5,2575.0,2575.0,4612700
2017-08-08,2575.0,2583.5,2545.5,2563.0,2563.0,3615700
2017-08-09,2554.0,2565.0,2533.0,2552.5,2552.5,4166900
2017-08-10,2555.0,2575.0,2546.0,2557.0,2557.0,3545300
2017-08-14,2532.5,2548.0,2518.0,2523.0,2523.0,4867000
2017-08-15,2537.5,2548.5,2525.0,2525.0,2525.0,3273400
2017-08-16,2526.0,2539.0,2517.0,2517.0,2517.0,2418900
2017-08-17,2517.5,2552.5,2517.5,2540.0,2540.0,2908400
2017-08-18,2518.5,2532.5,2511.5,2525.5,2525.5,3637900
2017-08-21,2525.5,2528.0,2500.0,2504.5,2504.5,2616800
2017-08-22,2513.0,2517.0,2502.5,2505.0,2505.0,2859600
2017-08-23,2516.5,2518.0,2479.0,2488.0,2488.0,4148700
2017-08-24,2492.0,2513.0,2477.0,2477.0,2477.0,3376100
2017-08-25,2475.0,2511.0,2470.0,2501.0,2501.0,3130800
2017-08-28,2508.0,2525.0,2505.0,2521.5,2521.5,3204800
2017-08-29,2508.0,2531.0,2507.0,2526.5,2526.5,2763500
2017-08-30,2526.0,2545.5,2519.0,2532.0,2532.0,2694800
2017-08-31,2547.0,2555.0,2540.5,2543.5,2543.5,4322900
2017-09-01,2555.0,2555.0,2516.0,2527.0,2527.0,3062000
2017-09-04,2527.0,2541.0,2502.0,2509.0,2509.0,3102400
2017-09-05,2517.0,2527.0,2509.0,2520.5,2520.5,2934300
2017-09-06,2521.0,2530.0,2504.5,2522.0,2522.0,3438800
2017-09-07,2535.0,2537.5,2516.5,2524.5,2524.5,2540700
2017-09-08,2525.0,2533.5,2516.5,2521.0,2521.0,4676200
2017-09-11,2531.0,2564.5,2529.0,2557.0,2557.0,3832500
2017-09-12,2570.0,2573.5,2552.0,2564.5,2564.5,3677300
2017-09-13,2579.0,2589.5,2570.0,2581.0,2581.0,3255800
2017-09-14,2590.0,2604.0,2578.0,2596.5,2596.5,5642500
2017-09-15,2596.0,2599.0,2583.5,2596.0,2596.0,5700300
2017-09-19,2615.0,2624.0,2601.5,2620.5,2620.5,4721200
2017-09-20,2605.5,2618.5,2596.5,2612.5,2612.5,3905200
2017-09-21,2621.0,2626.0,2591.5,2592.0,2592.0,4965300
2017-09-22,2594.0,2598.0,2574.5,2589.5,2589.5,3646000
2017-09-25,2602.5,2620.5,2600.0,2618.0,2618.0,3681400
2017-09-26,2620.0,2633.0,2620.0,2631.5,2631.5,4387000
2017-09-27,2608.0,2625.0,2592.5,2615.5,2615.5,3734600
2017-09-28,2630.0,2630.0,2601.0,2612.0,2612.0,3513000
2017-09-29,2616.0,2622.0,2607.0,2615.5,2615.5,4062400
2017-10-02,2609.0,2609.5,2572.0,2586.5,2586.5,4543500
2017-10-03,2590.5,2614.5,2587.5,2614.0,2614.0,5200300
2017-10-04,2600.0,2607.5,2592.0,2601.5,2601.5,3564600
2017-10-05,2592.0,2596.5,2576.0,2578.0,2578.0,2999000
2017-10-06,2600.0,2621.5,2596.5,2610.0,2610.0,4717900
2017-10-10,2579.0,2582.5,2560.0,2569.0,2569.0,6011600
2017-10-11,2571.5,2573.5,2542.0,2562.0,2562.0,4516500
2017-10-12,2575.0,2576.0,2542.5,2552.0,2552.0,4202500
2017-10-13,2555.0,2571.0,2537.0,2571.0,2571.0,5199300
2017-10-16,2583.5,2612.0,2579.5,2594.5,2594.5,4383100
2017-10-17,2604.5,2608.0,2579.0,2585.5,2585.5,3314200
2017-10-18,2590.0,2591.0,2565.5,2570.0,2570.0,3449300
2017-10-19,2589.5,2593.0,2577.0,2591.5,2591.5,3684600
2017-10-20,2590.0,2590.0,2575.0,2578.5,2578.5,3108900
2017-10-23,2595.5,2610.0,2586.0,2607.5,2607.5,4070400
2017-10-24,2610.0,2657.0,2609.5,2654.5,2654.5,6783600
2017-10-25,2669.0,2684.0,2658.0,2678.5,2678.5,5616300
2017-10-26,2671.0,2672.5,2653.5,2665.0,2665.0,3259300
2017-10-27,2682.0,2697.5,2670.0,2696.0,2696.0,5007700
2017-10-30,2678.0,2688.0,2662.5,2677.0,2677.0,7747300
2017-10-31,2665.0,2668.0,2648.0,2648.5,2648.5,3842800
2017-11-01,2661.0,2680.0,2658.5,2670.5,2670.5,4646200
2017-11-02,2700.0,2720.0,2688.0,2694.0,2694.0,5642600
2017-11-06,2714.5,2814.0,2687.0,2789.5,2789.5,11622000
2017-11-07,2832.0,2896.0,2830.5,2896.0,2896.0,11453700
2017-11-08,2900.0,2912.5,2878.0,2902.0,2902.0,6626900
2017-11-09,2910.0,2972.0,2890.5,2926.0,2926.0,9507200
2017-11-10,2873.0,2909.0,2871.5,2900.5,2900.5,5572500
2017-11-13,2885.0,2888.5,2831.5,2832.0,2832.0,4944900
2017-11-14,2816.5,2829.5,2807.0,2816.5,2816.5,4595200
2017-11-15,2797.5,2797.5,2733.5,2745.0,2745.0,6360200
2017-11-16,2727.0,2770.5,2716.5,2745.0,2745.0,5212200
2017-11-17,2780.0,2802.0,2754.0,2759.5,2759.5,4926700
2017-11-20,2768.5,2783.0,2744.0,2757.0,2757.0,3070700
2017-11-21,2781.0,2789.0,2760.5,2765.0,2765.0,3875300
2017-11-22,2795.0,2803.5,2768.5,2770.5,2770.5,4208200
2017-11-24,2755.0,2784.5,2744.0,2782.5,2782.5,3013200
2017-11-27,2799.0,2803.0,2765.0,2777.0,2777.0,3120800
2017-11-28,2758.5,2809.0,2758.0,2770.0,2770.0,3590900
2017-11-29,2805.0,2837.0,2798.5,2818.5,2818.5,4774300
2017-11-30,2836.0,2838.0,2804.5,2813.0,2813.0,6070000
2017-12-01,2830.0,2845.5,2813.5,2838.0,2838.0,4073200
2017-12-04,2866.5,2874.0,2847.0,2854.0,2854.0,3840000
2017-12-05,2860.0,2913.5,2859.0,2900.0,2900.0,5057500
2017-12-06,2900.0,2900.0,2848.5,2858.5,2858.5,5289400
2017-12-07,2861.0,2892.5,2860.0,2890.0,2890.0,3616700
2017-12-08,2861.5,2929.0,2861.5,2926.5,2926.5,7243800
2017-12-11,2929.5,2932.5,2891.0,2914.5,2914.5,3194000
2017-12-12,2925.0,2933.5,2911.5,2929.5,2929.5,3435800
2017-12-13,2918.0,2938.5,2909.5,2917.0,2917.0,3811800
2017-12-14,2910.0,2928.0,2893.0,2901.5,2901.5,3214400
2017-12-15,2896.0,2914.0,2878.0,2888.0,2888.0,5250600
2017-12-18,2915.0,2946.5,2909.5,2942.0,2942.0,3873800
2017-12-19,2948.0,2971.5,2938.0,2957.0,2957.0,4553800
2017-12-20,2955.0,3019.0,2949.5,3016.0,3016.0,5340400
2017-12-21,3023.0,3029.0,2995.0,3009.0,3009.0,2981900
2017-12-22,3026.0,3080.0,3025.0,3075.0,3075.0,4077500
2017-12-25,3067.0,3072.0,3043.0,3063.0,3063.0,2155500
2017-12-26,3059.0,3064.0,3038.0,3051.0,3051.0,1753800
2017-12-27,3063.0,3137.0,3057.0,3124.0,3124.0,4209100
2017-12-28,3114.0,3133.0,3094.0,3100.0,3100.0,2877100
2017-12-29,3134.0,3178.0,3112.0,3113.0,3113.0,4144000
2018-01-04,3171.0,3240.0,3171.0,3238.0,3238.0,6661100
2018-01-05,3243.0,3282.0,3233.0,3246.0,3246.0,5100000
2018-01-09,3280.0,3298.0,3228.0,3238.0,3238.0,4850000
2018-01-10,3235.0,3271.0,3229.0,3261.0,3261.0,3997900
2018-01-11,3255.0,3271.0,3242.0,3271.0,3271.0,3186600
2018-01-12,3285.0,3287.0,3254.0,3273.0,3273.0,3877000
2018-01-15,3300.0,3318.0,3278.0,3281.0,3281.0,3279500
2018-01-16,3299.0,3311.0,3284.0,3310.0,3310.0,3345300
2018-01-17,3285.0,3291.0,3246.0,3264.0,3264.0,4554900
2018-01-18,3293.0,3293.0,3176.0,3187.0,3187.0,7554000
2018-01-19,3187.0,3212.0,3155.0,3193.0,3193.0,5358300
2018-01-22,3189.0,3202.0,3134.0,3169.0,3169.0,5748800
2018-01-23,3175.0,3199.0,3147.0,3179.0,3179.0,4045700
2018-01-24,3166.0,3218.0,3166.0,3190.0,3190.0,3937200
2018-01-25,3161.0,3213.0,3161.0,3207.0,3207.0,4079900
2018-01-26,3177.0,3188.0,3127.0,3135.0,3135.0,6485600
2018-01-29,3140.0,3162.0,3121.0,3141.0,3141.0,4243300
2018-01-30,3129.0,3147.0,3084.0,3092.0,3092.0,5726000
2018-01-31,3050.0,3098.0,3046.0,3050.0,3050.0,4926200
2018-02-01,3082.0,3122.0,3060.0,3119.0,3119.0,3647200
2018-02-02,3144.0,3160.0,3093.0,3152.0,3152.0,4863300
2018-02-05,3090.0,3163.0,3071.0,3099.0,3099.0,7504900
2018-02-06,2991.5,3004.0,2913.0,2977.0,2977.0,11278100
2018-02-07,3091.0,3124.0,2959.5,2960.0,2960.0,7975300
2018-02-08,2986.0,3023.0,2970.0,3003.0,3003.0,5657400
2018-02-09,2927.0,2975.0,2909.5,2975.0,2975.0,6354700
2018-02-13,3016.0,3019.0,2911.0,2921.0,2921.0,5825300
2018-02-14,2933.5,2964.5,2919.5,2934.5,2934.5,5301500
2018-02-15,2970.5,2974.0,2928.5,2960.5,2960.5,4292000
2018-02-16,2976.0,2999.0,2961.5,2968.5,2968.5,3596900
2018-02-19,3006.0,3095.0,2996.0,3091.0,3091.0,4695500
2018-02-20,3060.0,3070.0,3027.0,3054.0,3054.0,4659200
2018-02-21,3054.0,3055.0,2971.0,2976.0,2976.0,6263900
2018-02-22,2953.0,2974.5,2946.0,2969.0,2969.0,4769200
2018-02-23,2980.0,2984.0,2951.0,2968.5,2968.5,4152100
2018-02-26,2990.0,3033.0,2988.0,3029.0,3029.0,3347200
2018-02-27,3047.0,3080.0,3039.0,3050.0,3050.0,3800100
2018-02-28,3021.0,3058.0,3012.0,3016.0,3016.0,4193600
2018-03-01,2977.5,2978.0,2947.5,2974.5,2974.5,4767500
2018-03-02,2924.5,2936.5,2910.0,2925.5,2925.5,4470000
2018-03-05,2910.0,2920.5,2886.5,2909.5,2909.5,4122200
2018-03-06,2972.0,3002.0,2945.0,2951.0,2951.0,4327500
2018-03-07,2939.5,2953.5,2918.5,2932.0,2932.0,4768300
2018-03-08,2945.5,2948.0,2896.0,2904.5,2904.5,4432700
2018-03-09,2951.5,2972.5,2892.5,2904.5,2904.5,5847500
2018-03-12,2949.5,2979.5,2946.5,2973.5,2973.5,3931300
2018-03-13,2980.0,2998.0,2954.5,2998.0,2998.0,4189000
2018-03-14,2980.0,2991.5,2959.0,2964.5,2964.5,3305000
2018-03-15,2963.0,2977.0,2930.5,2951.0,2951.0,4247500
2018-03-16,2959.5,2965.0,2931.0,2931.5,2931.5,4539300
2018-03-19,2931.0,2931.0,2856.5,2868.0,2868.0,5180700
2018-03-20,2850.0,2884.5,2845.0,2882.0,2882.0,4524100
2018-03-22,2900.0,2938.5,2884.0,2903.0,2903.0,6548300
2018-03-23,2840.0,2872.5,2823.0,2832.0,2832.0,7415800
2018-03-26,2800.5,2812.5,2776.0,2809.0,2809.0,6389300
2018-03-27,2846.5,2925.0,2823.0,2924.0,2924.0,7276900
2018-03-28,2821.5,2837.0,2796.5,2834.0,2834.0,6628300
2018-03-29,2857.5,2868.0,2800.0,2825.5,2825.5,4539500
2018-03-30,2851.5,2864.5,2836.0,2862.0,2862.0,3573900
2018-04-02,2859.5,2878.0,2834.0,2834.0,2834.0,2126500
2018-04-03,2798.0,2803.5,2776.0,2793.5,2793.5,3763600
2018-04-04,2810.0,2819.5,2786.0,2794.0,2794.0,4101000
2018-04-05,2830.0,2849.0,2803.5,2838.0,2838.0,3681700
2018-04-06,2834.5,2862.0,2831.5,2844.0,2844.0,3649800
2018-04-09,2818.0,2826.5,2797.5,2815.5,2815.5,3575000
2018-04-10,2815.0,2889.0,2811.5,2867.5,2867.5,3247000
2018-04-11,2900.0,2928.5,2891.0,2914.5,2914.5,4215500
2018-04-12,2918.0,2924.0,2888.0,2891.0,2891.0,2579800
2018-04-13,2908.5,2941.0,2903.0,2921.5,2921.5,3334600
2018-04-16,2910.5,2920.0,2889.0,2916.5,2916.5,2882000
2018-04-17,2916.0,2918.0,2885.5,2898.5,2898.5,2988900
2018-04-18,2883.5,2900.0,2881.5,2897.5,2897.5,3284200
2018-04-19,2920.0,2970.0,2917.0,2938.0,2938.0,5205200
2018-04-20,2928.5,2967.5,2925.5,2955.5,2955.5,4038500
2018-04-23,2960.0,2989.0,2950.5,2977.5,2977.5,3557000
2018-04-24,3000.0,3029.0,2972.5,3028.0,3028.0,4205300
2018-04-25,3006.0,3056.0,3004.0,3055.0,3055.0,5068500
2018-04-26,3064.0,3065.0,3005.0,3017.0,3017.0,4031600
2018-04-27,3034.0,3046.0,3000.0,3027.0,3027.0,3415700
2018-05-01,3050.0,3052.0,3025.0,3052.0,3052.0,2905700
2018-05-02,3068.0,3069.0,3042.0,3048.0,3048.0,2911700
2018-05-07,3056.0,3064.0,3012.0,3036.0,3036.0,3708600
2018-05-08,3034.0,3180.0,3026.0,3177.0,3177.0,12825200
2018-05-09,3198.0,3224.0,3165.0,3168.0,3168.0,7569100
2018-05-10,3180.0,3199.0,3152.0,3187.0,3187.0,3825900
2018-05-11,3188.0,3220.0,3186.0,3197.0,3197.0,5067600
2018-05-14,3193.0,3199.0,3159.0,3160.0,3160.0,4139400
2018-05-15,3170.0,3205.0,3167.0,3187.0,3187.0,4901200
2018-05-16,3170.0,3212.0,3170.0,3196.0,3196.0,3721000
2018-05-17,3198.0,3227.0,3182.0,3218.0,3218.0,3621600
2018-05-18,3208.0,3230.0,3190.0,3229.0,3229.0,3952000
2018-05-21,3219.0,3234.0,3210.0,3220.0,3220.0,3100000
2018-05-22,3235.0,3238.0,3204.0,3216.0,3216.0,3014000
2018-05-23,3182.0,3193.0,3137.0,3147.0,3147.0,5224600
2018-05-24,3154.0,3164.0,3126.0,3131.0,3131.0,3521600
2018-05-25,3083.0,3111.0,3063.0,3087.0,3087.0,4550800
2018-05-28,3072.0,3072.0,3038.0,3043.0,3043.0,2929900
2018-05-29,3040.0,3052.0,3011.0,3031.0,3031.0,3192200
2018-05-30,2987.5,3000.0,2970.0,2993.5,2993.5,4960000
2018-05-31,3033.0,3058.0,3002.0,3031.0,3031.0,17158000
2018-06-01,2998.0,3059.0,2995.5,3046.0,3046.0,4472900
2018-06-04,3071.0,3123.0,3071.0,3116.0,3116.0,3351600
2018-06-05,3129.0,3140.0,3106.0,3120.0,3120.0,2692700
2018-06-06,3141.0,3163.0,3133.0,3154.0,3154.0,3990200
2018-06-07,3180.0,3213.0,3172.0,3192.0,3192.0,3767100
2018-06-08,3181.0,3213.0,3166.0,3171.0,3171.0,4445900
2018-06-11,3172.0,3202.0,3155.0,3186.0,3186.0,2558000
2018-06-12,3200.0,3205.0,3163.0,3174.0,3174.0,3132400
2018-06-13,3176.0,3196.0,3163.0,3186.0,3186.0,2994700
2018-06-14,3190.0,3209.0,3171.0,3182.0,3182.0,3927500
2018-06-15,3176.0,3209.0,3165.0,3205.0,3205.0,8418800
2018-06-18,3164.0,3183.0,3110.0,3119.0,3119.0,5685800
2018-06-19,3131.0,3191.0,3102.0,3108.0,3108.0,5013100
2018-06-20,3113.0,3120.0,3052.0,3105.0,3105.0,4814600
2018-06-21,3112.0,3127.0,3088.0,3093.0,3093.0,3387700
2018-06-22,3063.0,3105.0,3053.0,3092.0,3092.0,3343400
2018-06-25,3123.0,3130.0,3075.0,3083.0,3083.0,2897000
2018-06-26,3086.0,3089.0,3046.0,3076.0,3076.0,3309800
2018-06-27,3102.0,3117.0,3057.0,3088.0,3088.0,3891800
2018-06-28,3087.0,3098.0,3065.0,3081.0,3081.0,3105000
2018-06-29,3069.0,3081.0,3035.0,3078.0,3078.0,3940000
2018-07-02,3071.0,3109.0,3045.0,3051.0,3051.0,3098900
2018-07-03,3056.0,3061.0,3001.0,3027.0,3027.0,4121000
2018-07-04,3038.0,3097.0,3038.0,3077.0,3077.0,3687500
2018-07-05,3071.0,3082.0,3006.0,3011.0,3011.0,4659200
2018-07-06,3048.0,3124.0,3046.0,3109.0,3109.0,5390800
2018-07-09,3109.0,3136.0,3086.0,3133.0,3133.0,2629300
2018-07-10,3150.0,3170.0,3132.0,3132.0,3132.0,3703800
2018-07-11,3129.0,3149.0,3105.0,3139.0,3139.0,3497900
2018-07-12,3139.0,3156.0,3091.0,3091.0,3091.0,3623900
2018-07-13,3094.0,3136.0,3080.0,3126.0,3126.0,3258300
2018-07-17,3104.0,3141.0,3103.0,3109.0,3109.0,3266400
2018-07-18,3134.0,3159.0,3124.0,3148.0,3148.0,2567400
2018-07-19,3159.0,3162.0,3117.0,3122.0,3122.0,3159700
2018-07-20,3117.0,3122.0,3064.0,3092.0,3092.0,3611700
2018-07-23,3062.0,3105.0,3061.0,3090.0,3090.0,2438700
2018-07-24,3105.0,3105.0,3074.0,3096.0,3096.0,2069600
2018-07-25,3098.0,3133.0,3091.0,3125.0,3125.0,3098200
2018-07-26,3155.0,3188.0,3152.0,3169.0,3169.0,3705600
2018-07-27,3173.0,3197.0,3171.0,3188.0,3188.0,2710800
2018-07-30,3173.0,3190.0,3167.0,3176.0,3176.0,2063200
2018-07-31,3142.0,3152.0,3108.0,3117.0,3117.0,5264900
2018-08-01,3135.0,3181.0,3130.0,3175.0,3175.0,3442600
2018-08-02,3135.0,3230.0,3108.0,3195.0,3195.0,9874500
2018-08-03,3218.0,3224.0,3151.0,3157.0,3157.0,4640600
2018-08-06,3184.0,3212.0,3176.0,3184.0,3184.0,3244500
2018-08-07,3180.0,3211.0,3168.0,3211.0,3211.0,2492900
2018-08-08,3248.0,3254.0,3230.0,3243.0,3243.0,4703800
2018-08-09,3220.0,3222.0,3203.0,3211.0,3211.0,2197400
2018-08-10,3217.0,3217.0,3177.0,3179.0,3179.0,3165000
2018-08-13,3165.0,3170.0,3112.0,3132.0,3132.0,3324100
2018-08-14,3152.0,3181.0,3127.0,3181.0,3181.0,2912900
2018-08-15,3215.0,3245.0,3157.0,3178.0,3178.0,3919200
2018-08-16,3135.0,3145.0,3088.0,3121.0,3121.0,5284100
2018-08-17,3152.0,3167.0,3137.0,3146.0,3146.0,3518100
2018-08-20,3153.0,3154.0,3121.0,3122.0,3122.0,2668100
2018-08-21,3122.0,3123.0,3057.0,3058.0,3058.0,5333900
2018-08-22,3060.0,3106.0,3059.0,3104.0,3104.0,3720900
2018-08-23,3125.0,3127.0,3083.0,3090.0,3090.0,2460100
2018-08-24,3120.0,3132.0,3108.0,3116.0,3116.0,2318900
2018-08-27,3130.0,3156.0,3127.0,3150.0,3150.0,2381100
2018-08-28,3166.0,3204.0,3160.0,3160.0,3160.0,3785300
2018-08-29,3175.0,3204.0,3173.0,3199.0,3199.0,3535200
2018-08-30,3214.0,3220.0,3172.0,3185.0,3185.0,4774500
2018-08-31,3171.0,3185.0,3161.0,3171.0,3171.0,3384500
2018-09-03,3167.0,3181.0,3140.0,3153.0,3153.0,2269200
2018-09-04,3138.0,3141.0,3107.0,3117.0,3117.0,2729900
2018-09-05,3120.0,3124.0,3092.0,3100.0,3100.0,3565100
2018-09-06,3115.0,3120.0,3094.0,3095.0,3095.0,2822000
2018-09-07,3107.0,3122.0,3099.0,3117.0,3117.0,4113500
2018-09-10,3112.0,3130.0,3096.0,3123.0,3123.0,3097900
2018-09-11,3148.0,3167.0,3132.0,3138.0,3138.0,4140900
2018-09-12,3169.0,3171.0,3134.0,3142.0,3142.0,3238100
2018-09-13,3162.0,3248.0,3153.0,3230.0,3230.0,5805200
2018-09-14,3294.0,3308.0,3273.0,3292.0,3292.0,8235300
2018-09-18,3307.0,3370.0,3298.0,3364.0,3364.0,7800500
2018-09-19,3426.0,3482.0,3417.0,3473.0,3473.0,6986200
2018-09-20,3495.0,3528.0,3478.0,3524.0,3524.0,7129100
2018-09-21,3530.0,3560.0,3512.0,3559.0,3559.0,8060000
2018-09-25,3550.0,3605.0,3550.0,3594.0,3594.0,6587400
2018-09-26,3550.0,3560.0,3478.0,3512.0,3512.0,7387500
2018-09-27,3490.0,3507.0,3456.0,3459.0,3459.0,4885600
2018-09-28,3500.0,3563.0,3493.0,3501.0,3501.0,6096100
2018-10-01,3501.0,3556.0,3486.0,3555.0,3555.0,4044700
2018-10-02,3592.0,3618.0,3557.0,3578.0,3578.0,5952700
2018-10-03,3575.0,3600.0,3537.0,3546.0,3546.0,3953100
2018-10-04,3600.0,3615.0,3577.0,3601.0,3601.0,5887700
2018-10-05,3562.0,3638.0,3561.0,3617.0,3617.0,5044600
2018-10-09,3610.0,3629.0,3583.0,3627.0,3627.0,5620200
2018-10-10,3610.0,3625.0,3578.0,3608.0,3608.0,4217800
2018-10-11,3450.0,3527.0,3446.0,3475.0,3475.0,6054400
2018-10-12,3433.0,3448.0,3402.0,3420.0,3420.0,5828900
2018-10-15,3405.0,3416.0,3372.0,3391.0,3391.0,3278900
2018-10-16,3391.0,3448.0,3391.0,3443.0,3443.0,3174100
2018-10-17,3475.0,3478.0,3432.0,3463.0,3463.0,3514700
2018-10-18,3490.0,3490.0,3404.0,3407.0,3407.0,3213800
2018-10-19,3350.0,3384.0,3326.0,3380.0,3380.0,3810100
2018-10-22,3359.0,3386.0,3342.0,3377.0,3377.0,2798500
2018-10-23,3359.0,3359.0,3289.0,3295.0,3295.0,4159500
2018-10-24,3307.0,3323.0,3243.0,3279.0,3279.0,4944200
2018-10-25,3200.0,3227.0,3161.0,3171.0,3171.0,5971500
2018-10-26,3203.0,3214.0,3123.0,3157.0,3157.0,5971400
2018-10-29,3183.0,3203.0,3151.0,3157.0,3157.0,3175100
2018-10-30,3150.0,3222.0,3149.0,3186.0,3186.0,5542500
2018-10-31,3221.0,3239.0,3123.0,3180.0,3180.0,7353400
2018-11-01,3190.0,3197.0,3127.0,3151.0,3151.0,5723500
2018-11-02,3212.0,3215.0,3010.0,3209.0,3209.0,11520900
2018-11-05,3200.0,3234.0,3126.0,3139.0,3139.0,6557500
2018-11-06,3177.0,3213.0,3148.0,3204.0,3204.0,4310400
2018-11-07,3200.0,3211.0,3091.0,3111.0,3111.0,7776300
2018-11-08,3167.0,3183.0,3150.0,3171.0,3171.0,4770500
2018-11-09,3155.0,3172.0,3126.0,3127.0,3127.0,3913700
2018-11-12,3111.0,3125.0,3092.0,3117.0,3117.0,3355800
2018-11-13,3055.0,3061.0,3020.0,3055.0,3055.0,4878600
2018-11-14,3025.0,3051.0,3021.0,3038.0,3038.0,4414000
2018-11-15,3038.0,3047.0,3022.0,3032.0,3032.0,2807900
2018-11-16,3033.0,3048.0,3015.0,3020.0,3020.0,3232500
2018-11-19,3021.0,3043.0,3002.0,3012.0,3012.0,3029500
2018-11-20,3000.0,3057.0,2983.0,3057.0,3057.0,3508700
2018-11-21,2990.0,3000.0,2935.0,2985.5,2985.5,5690800
2018-11-22,3009.0,3028.0,2998.5,3023.0,3023.0,2868800
2018-11-26,2953.5,3034.0,2950.0,3024.0,3024.0,3480700
2018-11-27,3033.0,3053.0,3021.0,3040.0,3040.0,2794600
2018-11-28,3040.0,3047.0,3002.0,3044.0,3044.0,3363900
2018-11-29,3070.0,3097.0,3061.0,3079.0,3079.0,3655200
2018-11-30,3078.0,3088.0,3060.0,3062.0,3062.0,5835400
2018-12-03,3119.0,3143.0,3087.0,3123.0,3123.0,4452900
2018-12-04,3148.0,3149.0,3045.0,3045.0,3045.0,4521300
2018-12-05,3010.0,3096.0,3008.0,3079.0,3079.0,4737500
2018-12-06,3052.0,3058.0,3018.0,3036.0,3036.0,4602500
2018-12-07,3047.0,3069.0,3037.0,3060.0,3060.0,3427800
2018-12-10,3035.0,3045.0,3017.0,3034.0,3034.0,3058400
2018-12-11,3044.0,3053.0,3015.0,3048.0,3048.0,5078800
2018-12-12,3080.0,3132.0,3058.0,3126.0,3126.0,5522300
2018-12-13,3145.0,3163.0,3110.0,3156.0,3156.0,4880300
2018-12-14,3150.0,3171.0,3130.0,3146.0,3146.0,5558200
2018-12-17,3140.0,3162.0,3135.0,3145.0,3145.0,2952200
2018-12-18,3120.0,3164.0,3108.0,3108.0,3108.0,4688000
2018-12-19,3095.0,3099.0,3043.0,3068.0,3068.0,4023900
2018-12-20,3050.0,3088.0,3000.0,3008.0,3008.0,4360500
2018-12-21,3000.0,3017.0,2947.5,2971.5,2971.5,7152300
2018-12-25,2875.0,2877.0,2815.5,2821.5,2821.5,5586200
2018-12-26,2836.0,2910.0,2810.5,2855.5,2855.5,4227200
2018-12-27,2998.0,3036.0,2972.5,3022.0,3022.0,5199000
2018-12-28,2983.0,3043.0,2964.5,3020.0,3020.0,3791600
2019-01-04,2964.0,3034.0,2948.0,3030.0,3030.0,4718900
2019-01-07,3114.0,3141.0,3101.0,3112.0,3112.0,4460000
2019-01-08,3108.0,3129.0,3082.0,3091.0,3091.0,5144400
2019-01-09,3130.0,3130.0,3099.0,3108.0,3108.0,3259000
2019-01-10,3102.0,3112.0,3061.0,3088.0,3088.0,4691100
2019-01-11,3115.0,3129.0,3076.0,3091.0,3091.0,4069900
2019-01-15,3077.0,3127.0,3055.0,3121.0,3121.0,3463500
2019-01-16,3111.0,3111.0,3076.0,3102.0,3102.0,2948000
2019-01-17,3095.0,3106.0,3081.0,3089.0,3089.0,3297900
2019-01-18,3100.0,3125.0,3093.0,3103.0,3103.0,3231900
2019-01-21,3135.0,3161.0,3125.0,3158.0,3158.0,3629200
2019-01-22,3163.0,3163.0,3118.0,3126.0,3126.0,2232700
2019-01-23,3098.0,3129.0,3090.0,3106.0,3106.0,2808000
2019-01-24,3077.0,3118.0,3059.0,3095.0,3095.0,2943300
2019-01-25,3090.0,3130.0,3090.0,3124.0,3124.0,2294500
2019-01-28,3124.0,3128.0,3103.0,3108.0,3108.0,2126500
2019-01-29,3100.0,3130.0,3093.0,3112.0,3112.0,2498200
2019-01-30,3112.0,3162.0,3105.0,3142.0,3142.0,3965900
2019-01-31,3180.0,3200.0,3165.0,3181.0,3181.0,3874100
2019-02-01,3164.0,3164.0,3100.0,3111.0,3111.0,6353700
2019-02-04,3121.0,3150.0,3117.0,3126.0,3126.0,3449000
2019-02-05,3170.0,3193.0,3114.0,3152.0,3152.0,5891200
2019-02-06,3195.0,3225.0,3172.0,3202.0,3202.0,5170600
2019-02-07,3192.0,3205.0,3148.0,3156.0,3156.0,2948600
2019-02-08,3122.0,3127.0,3065.0,3065.0,3065.0,4282400
2019-02-12,3090.0,3128.0,3067.0,3120.0,3120.0,3340000
2019-02-13,3158.0,3162.0,3129.0,3157.0,3157.0,2744400
2019-02-14,3186.0,3192.0,3143.0,3149.0,3149.0,2510700
2019-02-15,3150.0,3153.0,3128.0,3143.0,3143.0,2626700
2019-02-18,3190.0,3198.0,3172.0,3191.0,3191.0,2888800
2019-02-19,3180.0,3209.0,3175.0,3193.0,3193.0,2966300
2019-02-20,3209.0,3255.0,3198.0,3254.0,3254.0,4645900
2019-02-21,3254.0,3290.0,3242.0,3248.0,3248.0,5231600
2019-02-22,3180.0,3194.0,3145.0,3187.0,3187.0,6157600
2019-02-25,3220.0,3227.0,3194.0,3200.0,3200.0,2876200
2019-02-26,3198.0,3202.0,3155.0,3171.0,3171.0,3690500
2019-02-27,3172.0,3185.0,3154.0,3155.0,3155.0,3911600
2019-02-28,3150.0,3166.0,3137.0,3139.0,3139.0,3435600
2019-03-01,3133.0,3155.0,3132.0,3140.0,3140.0,3759800
2019-03-04,3152.0,3156.0,3132.0,3148.0,3148.0,2348800
2019-03-05,3148.0,3152.0,3131.0,3148.0,3148.0,2746300
2019-03-06,3149.0,3153.0,3132.0,3132.0,3132.0,2757800
2019-03-07,3130.0,3139.0,3115.0,3117.0,3117.0,2787000
2019-03-08,3103.0,3124.0,3085.0,3094.0,3094.0,4549100
2019-03-11,3094.0,3130.0,3087.0,3122.0,3122.0,2323400
2019-03-12,3160.0,3187.0,3156.0,3170.0,3170.0,3273700
2019-03-13,3157.0,3167.0,3125.0,3142.0,3142.0,3039300
2019-03-14,3160.0,3164.0,3129.0,3129.0,3129.0,3720000
2019-03-15,3152.0,3189.0,3148.0,3189.0,3189.0,5156400
2019-03-18,3198.0,3200.0,3169.0,3191.0,3191.0,3045100
2019-03-19,3189.0,3198.0,3179.0,3189.0,3189.0,2633900
2019-03-20,3185.0,3228.0,3185.0,3222.0,3222.0,3059100
2019-03-22,3238.0,3256.0,3215.0,3255.0,3255.0,3606200
2019-03-25,3196.0,3198.0,3161.0,3182.0,3182.0,4229000
2019-03-26,3210.0,3254.0,3198.0,3252.0,3252.0,5923900
2019-03-27,3205.0,3218.0,3155.0,3174.0,3174.0,4741600
2019-03-28,3143.0,3159.0,3085.0,3094.0,3094.0,4123800
2019-03-29,3104.0,3117.0,3074.0,3074.0,3074.0,3849800
2019-04-01,3108.0,3139.0,3102.0,3119.0,3119.0,3777500
2019-04-02,3140.0,3146.0,3114.0,3114.0,3114.0,2327800
2019-04-03,3112.0,3131.0,3104.0,3126.0,3126.0,3207000
2019-04-04,3140.0,3150.0,3127.0,3142.0,3142.0,2485700
2019-04-05,3142.0,3167.0,3139.0,3161.0,3161.0,2404500
2019-04-08,3174.0,3178.0,3154.0,3164.0,3164.0,2375100
2019-04-09,3138.0,3140.0,3110.0,3119.0,3119.0,3352800
2019-04-10,3090.0,3098.0,3061.0,3067.0,3067.0,3660700
2019-04-11,3050.0,3065.0,3035.0,3050.0,3050.0,4101700
